University,Program,Degree,Entrance Semester,Decision,Decision Date,GPA,GRE Verbal,GRE Quantitive,GRE Writing,GRE Subject,Status,Date Added,Notes
Columbia University,Actuarial Science, Masters ,F19,Rejected,15 Jun 2020 ,,,,,,A,15 Jun 2020,
University Of Connecticut (UConn),Actuarial Science, Masters ,F20,Accepted,16 Mar 2020 ,3.96,156,164,4.00,n/a,U,22 Mar 2020,4 SOA exams and recommendation letter from professor with UConn Actuarial Science ph.d
University Of Illinois,Actuarial Science, Masters ,F20,Accepted,6 Mar 2020 ,,,,,,I,6 Mar 2020,
University Of Wisconsin-Madison,Actuarial Science, PhD ,F20,Other,28 Feb 2020 ,,,,,,I,1 Mar 2020,TPB: I just received the additional graduate fellowship (2 years of non-service fellowship and 3 years of standard assistantship). The offer says 2  fellowships of this type are available across the Business School in each year. Not sure about other schools. Good luck!
University Of Wisconsin-Madison,Actuarial Science, PhD ,F20,Accepted,4 Feb 2020 ,3.75,164,170,5.00,n/a,I,4 Feb 2020,
University Of Waterloo,Actuarial Science, PhD ,F20,Interview,3 Feb 2020 ,3.75,164,170,5.00,n/a,I,4 Feb 2020,
University Of Wisconsin-Madison,Actuarial Science, PhD ,F20,Interview,13 Jan 2020 ,3.75,164,170,5.00,n/a,I,4 Feb 2020,
University Of Iowa,Actuarial Science, Masters ,F20,Accepted,24 Jan 2020 ,3.60,145,166,3.50,n/a,I,4 Feb 2020,
Georgia State University,Actuarial Science, Masters ,F20,Accepted,9 Dec 2019 ,3.51,153,164,3.50,n/a,I,28 Jan 2020,"Full tuition fee and stipend, Received the recommendation letter from the former vice president of one of the actuarial consulting firm based in the US."
Georgia State University,Actuarial Science, Masters ,F20,Accepted,10 Jan 2020 ,3.64,156,170,4.00,n/a,I,12 Jan 2020,GPA after WES is 3.78. Undergraduate from Tier1 University in China.
University Of Western Ontario,Actuarial Science, Masters ,F19,Other,22 Feb 2019 ,,,,,,I,1 Jun 2019,I'm awaiting an decision from UWO since the January.I received a mail on February 22 saying my application has been forwarded to concerned department and I have been waiting for a decision ever since.Is anyone else facing the same scenario as I'm?
University Of Chicago,Actuarial Science, Masters ,F19,Rejected,2 Apr 2019 ,,,,,,I,2 Apr 2019,
University Of Windsor,Actuarial Science, Masters ,F19,Accepted,22 Mar 2019 ,,,,,,I,22 Mar 2019,Recent international graduate from an Ontario university
University Of Waterloo,Actuarial Science, Masters ,F19,Accepted,11 Mar 2019 ,,,,,,O,11 Mar 2019,International student from UW undergraduate Actsc program
University Of Illinois,Actuarial Science, Masters ,F19,Accepted,7 Mar 2019 ,,,,,,,7 Mar 2019,
University Of Iowa,Actuarial Science, Masters ,F19,Accepted,21 Feb 2019 ,,,,,,I,22 Feb 2019,
University Of Connecticut - Storrs,Actuarial Science, Masters ,F19,Accepted,20 Feb 2019 ,,,,,,I,21 Feb 2019,No funding...
Oregon State University,Actuarial Science, PhD ,F19,Rejected,9 Feb 2019 ,,,,,,U,16 Feb 2019,Sad..
Boston University,Actuarial Science, Masters ,F19,Accepted,14 Jan 2019 ,3.85,156,165,3.50,n/a,A,18 Jan 2019,
St. Johns University,Actuarial Science, Masters ,F19,Accepted,10 Jan 2019 ,3.85,156,165,3.50,n/a,A,18 Jan 2019,"Accepted via email, and application portal. Full Tuition Scholarship."
The University Of Wisconsin Milwaukee,Mathematics Actuarial Science, PhD ,F18,Rejected,21 Apr 2018 ,3.11,143,164,3.00,n/a,I,21 Apr 2018,
University Of Waterloo,Actuarial Science, PhD ,F18,Rejected,9 Apr 2018 ,,,,,,U,11 Apr 2018,Got the result exactly 8 weeks after the application due date (Feb 9).
University  Of Waterloo,Actuarial Science, Masters ,F18,Rejected,10 Apr 2018 ,,,,,,I,10 Apr 2018,very sad
‌Boston University (BU),Actuarial Science, Masters ,F18,Accepted,25 Jan 2018 ,,,,,,U,30 Mar 2018,
The University Of Waterloo,Mmath Actuarial Science, Masters ,F18,Other,23 Mar 2018 ,,,,,,U,23 Mar 2018,"I applied for mmath program before the Christmas, but my application status is still application. I did not have any interview with professor yet.Does anyone have the same situation? Should I contact the program coordinator now or treat this as rejection."
University Of Waterloo,Actuarial Science, PhD ,F18,Other,21 Mar 2018 ,,,,,,O,21 Mar 2018,"To the poster below for Master Actuarial Sc, I'm an international PhD applicant and I haven't heard anything. I completed my application 3 days before Christmas."
University Of Waterloo,"Actuarial Science, MMath", Masters ,F18,Other,20 Mar 2018 ,,,,,,O,20 Mar 2018,still waiting. Are there international students who had interviews already?
Columbia University (Professional Studies),Masters Of Actuarial Science, Masters ,F18,Accepted,9 Mar 2018 ,,,,,,A,10 Mar 2018,
University Of Waterloo,"Actuarial Science, Master Of Mathematics", Masters ,F18,Accepted,1 Mar 2018 ,,,,,,U,1 Mar 2018,Got accepted via QUEST today. No interview.
Georgia State University (Robinson College Of Business),Master Of Actuarial Science / Master Of Science In Mathematical Risk Management, Masters ,F18,Accepted,24 Jan 2018 ,n/a,153,168,0.00,n/a,I,1 Feb 2018,"Dual Master Programs

Be qualified for scholarship"
ีUniversity Of Wisconsin - Madison,Actuarial Science Risk Mgmt And Insurance, PhD ,F18,Other,24 Jan 2018 ,,,,,,O,24 Jan 2018,"To the posts below, will the interview be very technical?"
ีUniversity Of Wisconsin,"Actuarial Science, Risk Management & Insurance", PhD ,F18,Interview,10 Jan 2018 ,,,,,,A,17 Jan 2018,2nd round phone interview
HEC Lausanne,Actuarial Science, Masters ,F17,Other,31 Mar 2017 ,,,,,,I,4 Apr 2017,"I did not get a master's grant, waiting to see if I was admitted. I hope I can make it work and attend if I get in the program. Anyone with any experience with the school or this situation?"
University Of Amsterdam,Actuarial Science, Masters ,F17,Rejected,7 Mar 2017 ,3.60,157,169,5.00,n/a,I,7 Mar 2017,
Columbia Univerisity,Actuarial Science Master, Masters ,S17,Accepted,29 Nov 2016 ,,,,,,U,29 Nov 2016,
Columbia Univercity,M.S  In Actuarial Science, Masters ,S17,Other,7 Nov 2016 ,,,,,,O,7 Nov 2016,Hey. Anyone got news from the office? Does someone have any idea when the result will be out? Thanks
The University Of New South Wales,Actuarial Science, Masters ,F16,Accepted,1 May 2016 ,,,,,,I,2 Jul 2016,"International student from Brazil. My GPA is 7.1 out of 10.0, being 5.0 the passing grade in Brazil."
Columbia  University,Actuarial Science, Masters ,F16,Accepted,7 Jun 2016 ,,,,,,,8 Jun 2016,"Got in, considering rejecting offer"
The University Of Western Ontario,Actuarial Science, Masters ,F16,Other,12 Apr 2016 ,n/a,150,161,4.00,n/a,I,12 Apr 2016,"Has anyone heard anything back regarding the decisions? Or know the deadlines till when the university has time to send out acceptances? They are taking way too much time. My application status is ""Released to program"" since December!!!!"
The University Of Western Ontario,Actuarial Science, Masters ,F16,Other,31 Mar 2016 ,,,,,,I,31 Mar 2016,"Has anyone heard back from UWO regarding the decisions for M.Sc. Actuarial Science? I was told ""too many applications this year, hence the delay"". Getting really anxious!!!"
Georgia State University (Robinson College Of Business),"Actuarial Science, Risk Management & Insurance", PhD ,F16,Rejected,25 Mar 2016 ,,,,,,I,25 Mar 2016,(Editing for typo )Gmat 740. Was expecting at least an interview..anyone else who had the same experience at georgia state for fall 2016 RMI phd?
Georgia State University (Robinson College Of Business),"Actuarial Science, Risk Management & Insurance", PhD ,F16,Rejected,25 Mar 2016 ,,,,,,I,25 Mar 2016,Gmat 740. Was expecting at least an interview..anyone else who felt the same experience at georgia state for fall 2016 RMI phd?
University Of Waterloo,Actuarial Science, Masters ,F16,Rejected,16 Mar 2016 ,,,,,,I,24 Mar 2016,"Disappointed:(..The interview went extremely well, but the online test was tough."
Columbia Univercity,Actuarial Science, Masters ,F16,Rejected,21 Mar 2016 ,,,,,,A,22 Mar 2016,Sadly...
Columbia University,Actuarial Science, Masters ,F16,Wait listed,12 Feb 2016 ,,,,,,I,19 Mar 2016,"Anyone who got the admission but will not go, please decline...Thank you very much"
The University Of Wisconsin - Madison,"Actuarial Science, Risk Management And Insurance", PhD ,F16,Accepted,6 Mar 2016 ,,,,,,I,13 Mar 2016,Will accept
University Of Connecticut,Mathematics In Actuarial Science, PhD ,F16,Accepted,9 Mar 2016 ,3.71,157,168,3.00,770,I,11 Mar 2016,"Unofficial offer by E-mail



Work experience for 2 years in a Korean insurance company

Having actuarial professional license(ASA)

Master in Statistics"
University Of Connecticut (UConn),Mathematics In Actuarial Science, PhD ,F16,Accepted,9 Mar 2016 ,,,,,,I,9 Mar 2016,
The University Of Wisconsin - Madison,"Actuarial Science, Risk Management And Insurance", PhD ,F16,Wait listed,6 Mar 2016 ,,,,,,I,6 Mar 2016,"If  the other candidate does not go, I will get the admission slot. My priority choice.... Hope that I will finally get accepted."
U Wisconsin At Madison,"Actuarial Science, Risk Management And Insurance", PhD ,F16,Interview,19 Feb 2016 ,,,,,,I,1 Mar 2016,
University Of Waterloo,Actuarial Science, Masters ,F16,Accepted,22 Feb 2016 ,,,,,,O,25 Feb 2016,"Received a call from the director on feb 22, 2016 offering me a position in the MActSc program. Official acceptance to come.. so excited!"
Wisconsin-madison,"Actuarial Science, Risk Management And Insurance", PhD ,F16,Interview,19 Feb 2016 ,,,,,,U,19 Feb 2016,Will have the interview next week. Wisconsin is my dream school. Keep my finger crossed.
Columbia University School Of Professional Studies,Actuarial Science, Masters ,F16,Accepted,9 Feb 2016 ,3.76,164,164,5.00,n/a,A,16 Feb 2016,"They want a decision in 15 days, way before hearing back from anyone."
Boston University,Masters Of Actuarial Science, Masters ,F15,Accepted,22 Apr 2015 ,,,,,,O,22 Apr 2015,
Columbia University,Actuarial Science, Masters ,F15,Wait listed,3 Apr 2015 ,,,,,,U,5 Apr 2015,Really really want this offer... Anyone who has decided won't go please please decline...
Temple Univ,Actuarial Science, Masters ,F15,Accepted,27 Mar 2015 ,,,,,,A,1 Apr 2015,
Waterloo University,"Master Of Actuarial Science, Mmath", Masters ,F15,Rejected,23 Mar 2015 ,,,,,,I,23 Mar 2015,so sad... ;(
Georgia State University,Actuarial Science, Masters ,F15,Other,12 Mar 2015 ,,,,,,O,12 Mar 2015,"To the post below, congratulations! Could you please share your stats? Thanks a lot!"
Georgia State -Robinson Business,Actuarial Science Master, Masters ,F15,Accepted,11 Mar 2015 ,,,,,,A,12 Mar 2015,
Columbia University,Master Of Actuarial Science, Masters ,F15,Accepted,30 Jan 2015 ,3.90,162,169,4.00,n/a,U,5 Mar 2015,
Columbia University,Master Of Actuarial Science, Masters ,F15,Wait listed,26 Feb 2015 ,,,,,,O,26 Feb 2015,Green card holder (applied as domestic)
Temple University (Fox Business School),Master Of Actuarial Science, Masters ,F15,Accepted,26 Feb 2015 ,,,,,,O,26 Feb 2015,"Green card holder, so domestic"
University College Dublin,Actuarial Science, Masters ,S15,Accepted,18 Feb 2015 ,,,,,,I,19 Feb 2015,1 publication
Columbia University,Actuarial Science, Masters ,F15,Accepted,4 Feb 2015 ,3.83,153,170,3.00,n/a,U,7 Feb 2015,
Columbia University,Actuarial Science, Masters ,F15,Accepted,4 Feb 2015 ,n/a,154,170,4.00,n/a,I,4 Feb 2015,
Columbia University (School Of Continuing Education),Actuarial Science, Masters ,F15,Accepted,4 Feb 2015 ,3.90,155,167,4.00,n/a,I,4 Feb 2015,"French student in a good engineering school. 3.9-GPA (3.76 according to WES) BSc. in App Mathematics + exams P, FM, VEE CF + 2 good internships in Insurance Companies. If you're admitted too (and plan to go), feel free to email me at

 ybe-ji@gmail.com to talk a little bit before arriving in NYC (we can share house, ..)."
Waterloo,Actuarial Science(MMath), Masters ,F14,Rejected,11 Apr 2014 ,,,,,,O,11 Apr 2014,
University Of Connecticut,Mathematics In Actuarial Science, PhD ,F14,Rejected,19 Mar 2014 ,,,,,,I,27 Mar 2014,
Ball State University,Actuarial Science, Masters ,F14,Accepted,21 Mar 2014 ,,,,,,U,24 Mar 2014,Got an email saying I am eligible for a housing award and should also apply for a graduate assistantship
"University Of Wisconsin, Madison","Actuarial Science, Risk Management & Insurance", PhD ,F14,Accepted,18 Mar 2014 ,,,,,,I,22 Mar 2014,
UConn,Actuarial Science, Masters ,F14,Rejected,11 Mar 2014 ,,,,,,U,11 Mar 2014,
UIUC,Actuarial Science, Masters ,F14,Accepted,11 Mar 2014 ,,,,,,I,11 Mar 2014,
University Of Waterloo,"Actuarial Science, MMath", Masters ,F14,Rejected,10 Mar 2014 ,,,,,,O,11 Mar 2014,"First choice, so depressing, lucky that I have another offer."
Uiuc,Actuarial Science, Masters ,F14,Rejected,10 Mar 2014 ,,,,,,U,11 Mar 2014,
University Of Connecticut,Actuarial Science, Masters ,F14,Accepted,8 Mar 2014 ,,,,,,I,8 Mar 2014,
Boston University,Actuarial Science, Masters ,F14,Accepted,6 Mar 2014 ,2.90,157,156,2.00,n/a,A,7 Mar 2014,Nothing about money. Just the notice.
University Of Iowa,Statistics (Actuarial Science Focus), PhD ,F14,Accepted,25 Feb 2014 ,,,,,,I,28 Feb 2014,"The offer of TAship came 1 day afterwards. As usual, initially admitted as MS and will transform into Ph.D. later."
University Of Western Ontario,Actuarial Science, Masters ,F14,Accepted,19 Feb 2014 ,,,,,,O,21 Feb 2014,"Canadian, will receive official via email within a week"
Columbia University,Actuarial Science, Masters ,F14,Accepted,11 Feb 2014 ,,,,,,U,12 Feb 2014,
Columbia,Actuarial Science, Masters ,F14,Accepted,7 Feb 2014 ,,,,,,U,8 Feb 2014,
University Of Kent,International Masters In Actuarial Science, Masters ,F14,Accepted,18 Dec 2013 ,2.89,153,163,3.50,n/a,I,18 Dec 2013,"The GRE wasn't required. I applied on October 15th and heard back at December 18th. The offer is unconditional and depending on the finances I might go there.



I am already halfway through a MSc in Information Systems and I have 1.5 years relevant work experience."
Boston University,Actuarial Science, Masters ,S14,Accepted,7 Oct 2013 ,3.67,167,154,3.00,n/a,A,7 Oct 2013,passed p-exam
University Of Waterloo,Actuarial Science, PhD ,F13,Accepted,20 Jun 2013 ,3.80,510,790,3.00,n/a,U,21 Jun 2013,The PhD admission really depends on the faculty's availability. Funding with Teaching assistantship.
Columbia University,Actuarial Science, Masters ,F13,Accepted,17 Apr 2013 ,3.00,150,167,0.00,n/a,U,18 Apr 2013,already have a master degree in applied math with 3.97gpa
Columbia School Of Continuing Education,Masters In Actuarial Science, Masters ,F13,Accepted,17 Apr 2013 ,,,,,,I,17 Apr 2013,No financial aid. Looking for funding.
University Of Iowa,Masters In Actuarial Science, Masters ,F13,Accepted,17 Apr 2013 ,,,,,,I,17 Apr 2013,No financial aid...
Simon Fraser University,Actuarial Science, Masters ,F13,Wait listed,11 Apr 2013 ,,,,,,,11 Apr 2013,"I have been placed on the wail list for almost 1 month. It is my ideal program. If someone get admisson but dont wanna go, please withdraw it! Thank you so much!!!"
Columbia University,Actuarial Science, Masters ,F13,Accepted,9 Apr 2013 ,n/a,168,151,4.00,n/a,U,9 Apr 2013,I applied for the 2nd round. Pretty happy to hear from it within 3.5 weeks!!
Georgia State University,Actuarial Science, Masters ,F13,Accepted,1 Apr 2013 ,3.85,154,162,4.00,n/a,A,1 Apr 2013,
UIUC,Actuarial Science, Masters ,F13,Accepted,19 Mar 2013 ,3.80,152,169,3.00,n/a,I,20 Mar 2013,
Boston University,Actuarial Science, Masters ,F13,Accepted,19 Mar 2013 ,3.85,154,162,4.00,n/a,A,19 Mar 2013,
Columbia University,Actuarial Science, Masters ,F13,Accepted,22 Feb 2013 ,3.85,154,162,4.00,n/a,A,16 Mar 2013,Going to Waterloo instead.
University Of Waterloo,Actuarial Science, Masters ,F13,Accepted,14 Mar 2013 ,3.85,154,162,4.00,n/a,A,16 Mar 2013,
Wisconsin Business School,Actuarial Science Risk Mgmt And Insurance, PhD ,F13,Accepted,14 Mar 2013 ,,,,,,I,14 Mar 2013,
Simon Fraser University,Actuarial Science, Masters ,F13,Rejected,8 Mar 2013 ,3.80,152,169,3.00,n/a,I,13 Mar 2013,Very surprised...
University Of Waterloo,Actuarial Science, Masters ,F13,Accepted,12 Mar 2013 ,3.80,152,169,3.00,n/a,I,13 Mar 2013,No financing.
University Of Connecticut,Actuarial Science, Masters ,F13,Accepted,7 Mar 2013 ,,,,,,I,7 Mar 2013,
UIUC,Actuarial Science, Masters ,F13,Accepted,5 Mar 2013 ,3.72,170,150,3.00,n/a,A,5 Mar 2013,
University Of Iowa,Masters In Actuarial Science, Masters ,F13,Accepted,27 Feb 2013 ,,,,,,I,28 Feb 2013,Waiting for results regarding financial aid...
University Of Waterloo,Actuarial Science, PhD ,F13,Rejected,17 Feb 2013 ,,,,,,I,17 Feb 2013,
Illinois State University,"Actuarial Science, Masters (F12)", Masters ,F12,Accepted,10 May 2012 ,,,,,,I,11 May 2012,
Columbia University,Actuarial Science, Masters ,F12,Accepted,10 Apr 2012 ,3.52,620,800,5.50,n/a,A,10 Apr 2012,
Columbia University,Actuarial Science, Masters ,F12,Accepted,3 Apr 2012 ,,,,,,U,3 Apr 2012,probably will go
Columbia University,Actuarial Science, Masters ,F12,Accepted,3 Apr 2012 ,3.87,710,790,0.00,n/a,U,3 Apr 2012,
Columbia University,Actuarial Science, Masters ,F12,Accepted,20 Mar 2012 ,,,,,,U,1 Apr 2012,
Boston University,Actuarial Science, Masters ,F12,Accepted,21 Mar 2012 ,3.70,142,163,3.50,n/a,U,21 Mar 2012,Exam P passed. First ad still waiting!
Columbia University,Actuarial Science, Masters ,F12,Wait listed,16 Mar 2012 ,,,,,,U,19 Mar 2012,
Georgia State University,Actuarial Science, Masters ,F12,Accepted,16 Mar 2012 ,,,,,,I,16 Mar 2012,Plan to decline
Georgia State University (GSU),Actuarial Science, Masters ,F12,Accepted,7 Mar 2012 ,,,,,,I,9 Mar 2012,
University Of Waterloo (Canada),Actuarial Science, Masters ,F12,Rejected,8 Mar 2012 ,,,,,,U,8 Mar 2012,
Georgia State University (GSU),Actuarial Science, Masters ,F12,Rejected,8 Mar 2012 ,,,,,,U,8 Mar 2012,
Columbia University,Actuarial Science, Masters ,F12,Accepted,7 Mar 2012 ,3.82,650,800,0.00,n/a,U,8 Mar 2012,
Boston University,Actuarial Science, Masters ,F12,Accepted,6 Mar 2012 ,3.52,161,166,5.50,n/a,A,6 Mar 2012,
Columbia University,Actuarial Science, Masters ,F12,Wait listed,6 Mar 2012 ,3.52,166,161,5.50,n/a,A,6 Mar 2012,
Boston University,Actuarial Science, Masters ,F12,Accepted,29 Feb 2012 ,,,,,,I,1 Mar 2012,
University Of Waterloo (Canada),Actuarial Science, PhD ,F12,Rejected,29 Feb 2012 ,3.00,145,166,3.50,n/a,I,29 Feb 2012,
University Of Iowa,Actuarial Science, Masters ,F12,Accepted,28 Feb 2012 ,,,,,,I,28 Feb 2012,dream school
Ball State,Actuarial Science, Masters ,F12,Accepted,24 Feb 2012 ,,,,,,A,27 Feb 2012,Waiting for the assistantship result
Boston University,Actuarial Science, Masters ,F12,Accepted,25 Feb 2012 ,n/a,480,800,3.00,n/a,I,25 Feb 2012,
Boston Univerisity,Actuarial Science, Masters ,F12,Accepted,19 Feb 2012 ,3.80,590,800,3.00,n/a,I,19 Feb 2012,
The University Of Iowa,Actuarial Science, Masters ,F12,Accepted,17 Feb 2012 ,,,,,,I,17 Feb 2012,My first. Still waiting for other programs.
Boston University,Actuarial Science, Masters ,F12,Accepted,13 Feb 2012 ,,,,,,I,14 Feb 2012,
Georgia State University,Master Of Actuarial Science, Masters ,F12,Accepted,11 Feb 2012 ,,,,,,I,11 Feb 2012,
Boston University,Actuarial Science, Masters ,F12,Accepted,10 Feb 2012 ,,,,,,U,11 Feb 2012,still waiting for other programs.
California State University East Bay,Actuarial Science, Masters ,F11,Other,14 Apr 2011 ,3.20,440,770,4.00,n/a,A,14 Apr 2011,GPA in quant courses: 3.6. Still waiting on financial aid decisions
University Of Waterloo,Actuarial Science, Masters ,F11,Accepted,3 Apr 2011 ,,,,,,I,5 Apr 2011,Too expensive!!!!
University Of Connecticut (Storrs),Actuarial Science, Masters ,F11,Accepted,24 Mar 2011 ,3.90,650,800,4.00,n/a,U,27 Mar 2011,"Getting full TAship (20 hours) with stipend 19,000+ ^^ Here I come hilly Storrs!"
University Of Iowa,Actuarial Science, Masters ,F11,Accepted,18 Mar 2011 ,,,,,,U,23 Mar 2011,I'm the guy who got the admission decision for Iowa earlier. Now comes the offer letter with a 25%-assistantship and tuition waiver. Quite good! To dudes who are waiting on financial decision: The school might send out financial offers to you later. I'll try to answer the school early in case I don't take the offer.
Boston University,Actuarial Science, Masters ,F11,Accepted,22 Mar 2011 ,,,,,,I,22 Mar 2011,
University Of Waterloo (Canada),Actuarial Science, Masters ,F11,Rejected,22 Mar 2011 ,,,,,,I,22 Mar 2011,I feel sad. this was my dream school...
University Of Waterloo (Canada),Actuarial Science, Masters ,F11,Accepted,17 Mar 2011 ,,,,,,U,18 Mar 2011,
Illinois State University,Actuarial Science, Masters ,F11,Accepted,14 Mar 2011 ,3.20,440,770,4.00,n/a,A,14 Mar 2011,Still waiting on funding....but super excited nonetheless!!!!
"University Of Illinois, Urbana Champaign (UIUC)",Actuarial Science, Masters ,F11,Rejected,10 Mar 2011 ,,,,,,A,11 Mar 2011,
University Of Iowa,Actuarial Science, Masters ,F11,Accepted,9 Mar 2011 ,3.90,650,800,4.00,n/a,U,9 Mar 2011,"Nice! I'm being considered for financial award, hope it won't take too long for Iowa to make decision (but seems like it will)."
University Of Waterloo (Canada),Actuarial Science, Masters ,F11,Interview,4 Mar 2011 ,,,,,,U,8 Mar 2011,
Boston University,Actuarial Science, Masters ,F11,Accepted,5 Mar 2011 ,3.66,590,800,3.50,n/a,I,5 Mar 2011,
University Of Waterloo (Canada),Actuarial Science, Masters ,F11,Interview,4 Mar 2011 ,,,,,,I,4 Mar 2011,"Just had an phone interview with 3 profs, decision will be made in 2 weeks."
University Of Waterloo,Actuarial Science, PhD ,F11,Accepted,24 Feb 2011 ,,,,,,O,2 Mar 2011,Canadian
University Of Connecticut - Storrs,Actuarial Science, Masters ,F11,Accepted,1 Mar 2011 ,,,,,,U,2 Mar 2011,No Funding
University Of Waterloo (Canada),Actuarial Science, Masters ,F11,Interview,2 Mar 2011 ,,,,,,I,2 Mar 2011,
U Of Connecticut At Storrs,Actuarial Science, Masters ,F11,Accepted,26 Feb 2011 ,,,,,,I,26 Feb 2011,ask a prof and got an ad!
Georgia State University,Actuarial Science, Masters ,F11,Accepted,23 Feb 2011 ,,,,,,I,23 Feb 2011,"I've applied the double major, so still waiting for RMI  decision."
University Of Waterloo (Canada),Actuarial Science, Masters ,F11,Interview,23 Feb 2011 ,,,,,,I,23 Feb 2011,
University Of Waterloo (Canada),Actuarial Science, PhD ,F11,Rejected,18 Feb 2011 ,,,,,,I,19 Feb 2011,"Your application for admission to the Actuarial Science, Doctor of Philosophy program has been given careful consideration by the Graduate Committee. We are writing, with regret, to tell you that we are unable to make you an offer of admission.



Bullsh**!!"
Georgia State University (GSU),Actuarial Science, Masters ,F11,Accepted,7 Dec 2010 ,,,,,,I,19 Feb 2011,
University Of Nebraska Lincoln,Actuarial Science, Masters ,F11,Accepted,26 Jan 2011 ,,,,,,I,19 Feb 2011,
Columbia University - Masters,Actuarial Science, Masters ,F11,Accepted,1 Feb 2011 ,,,,,,I,19 Feb 2011,from school of continuing education，I‘m not sure whether it is a good choice
Columbia University,Actuarial Science, Masters ,F11,Accepted,1 Feb 2011 ,3.70,590,800,3.50,n/a,I,3 Feb 2011,
University Of Iowa,Actuarial Science, Masters ,F10,Accepted,19 Mar 2010 ,,,,,,I,22 Mar 2010,
"University Of Illinois, Urbana Champaign (UIUC)",Actuarial Science, Masters ,F10,Accepted,10 Mar 2010 ,,,,,,I,10 Mar 2010,"I asked them about my status and learned that I was admitted. They seem to notice students by mail, which was sent last week."
University Of Connecticut - Storrs,Actuarial Science, Masters ,F10,Accepted,8 Mar 2010 ,3.50,410,780,3.50,380,A,9 Mar 2010,this is my first offer. one school down four more to go. good luck to the rest of you and myself :P
University Of Connecticut - Storrs,Actuarial Science, Masters ,F10,Accepted,8 Mar 2010 ,,,,,,I,9 Mar 2010,no financial aid
University Of Connecticut - Storrs,Actuarial Science, Masters ,F10,Rejected,6 Mar 2010 ,,,,,,I,6 Mar 2010,
Boston University,Actuarial Science, Masters ,F10,Accepted,18 Feb 2010 ,,,,,,I,6 Mar 2010,NO FUNDING
University Of Iowa,Actuarial Science, Masters ,F10,Accepted,25 Feb 2010 ,,,,,,I,6 Mar 2010,funding decision will be made in mid April
University Of Michigan,Actuarial Science, Masters ,F10,Accepted,2 Mar 2010 ,,,,,,I,6 Mar 2010,get some funding
Georgia State University,Actuarial Science, Masters ,F10,Accepted,1 Feb 2010 ,3.80,530,800,2.50,n/a,I,2 Feb 2010,"This is so lucky. I appreciate God for his benefit. 

Hope everybody has the same good luck."
"University Of Wisconsin, Madison",Actuarial Science, Masters ,?,Rejected,23 Apr 2009 ,,,,,,I,22 Apr 2009,now i\'m officially depressed
University Of Iowa,Actuarial Science, Masters ,?,Accepted,20 Mar 2009 ,,,,,,I,23 Mar 2009,
University Of Connecticut - Storrs,Actuarial Science, Masters ,?,Accepted,13 Mar 2009 ,,,,,,A,22 Mar 2009,"No funding, but still happy."
University Of Connecticut - Storrs,Actuarial Science, Masters ,?,Rejected,17 Mar 2009 ,,,,,,I,16 Mar 2009,
"University Of Michigan, Ann Arbor",Actuarial Science, Masters ,?,Accepted,4 Mar 2009 ,,,,,,I,6 Mar 2009,
Boston University,Actuarial Science, Masters ,?,Accepted,4 Mar 2009 ,,,,,,I,4 Mar 2009,
University Of Michigan,Actuarial Science, Masters ,?,Accepted,4 Mar 2009 ,,,,,,I,3 Mar 2009,
University Of Iowa,Actuarial Science, Masters ,?,Accepted,24 Feb 2009 ,,,,,,I,24 Feb 2009,
"University of Texas, Austin (UT Austin)",Actuarial Science, Masters ,?,Rejected,24 Feb 2009 ,,,,,,I,24 Feb 2009,"wrote to them then got the bad news:(

one of my dream schools"
"University Of Nebraska, Lincoln",Actuarial Science, Masters ,?,Accepted,18 Feb 2009 ,,,,,,I,18 Feb 2009,no funding
"University Of Illinois, Urbana Champaign (UIUC)",Actuarial Science, Masters ,?,Rejected,17 Feb 2009 ,,,,,,I,16 Feb 2009,"I wrote email to them for my status, and then got the rejection... good luck to everyone"
Georgia State University,Actuarial Science, Masters ,?,Accepted,13 Mar 2008 ,,,,,,U,12 Mar 2008,
"University Of Wisconsin, Madison",Actuarial Science, Masters ,?,Accepted,13 Mar 2008 ,,,,,,U,12 Mar 2008,"I told them that I was under great pressure to make a decision since I have other offers. As a result of that, I received an e-mail telling me that I am in for this program. But financial aid decision will not be made till April. Moreover, they told me that they will consider master level students for financial aid ONLY when they still have funding after making offers to PhD students."
University Of Iowa,Actuarial Science, Masters ,?,Accepted,4 Mar 2008 ,,,,,,U,4 Mar 2008,waiting for funding
University Of Iowa,Actuarial Science, Masters ,?,Accepted,29 Feb 2008 ,,,,,,U,29 Feb 2008,
"University Of Michigan, Ann Arbor",Actuarial Science, Masters ,?,Accepted,18 Feb 2008 ,,,,,,I,25 Feb 2008,
"University Of Nebraska, Lincoln",Actuarial Science, Masters ,?,,30 Dec 2007 ,,,,,,I,29 Dec 2007,
Waterloo,Actuarial Science, Masters ,?,Rejected,23 Mar 2007 ,,,,,,,23 Mar 2007,
University Of Iowa,Actuarial Science, Masters ,?,Accepted,7 Feb 2007 ,,,,,,I,11 Feb 2007,1Ppa
University Of Iowa,Actuarial Science, Masters ,?,Accepted,7 Feb 2007 ,,,,,,I,11 Feb 2007,
"University Of Wisconsin, Madison",Actuarial Science, Masters ,?,Accepted,30 Mar 2006 ,,,,,,I,30 Mar 2006,
Boston University,Actuarial Science, Masters ,?,Accepted,23 Mar 2006 ,,,,,,I,23 Mar 2006,
"University Of Illinois, Urbana Champaign (UIUC)",Actuarial Science, Masters ,?,Accepted,16 Mar 2006 ,,,,,,I,16 Mar 2006,
Temple University,Actuarial Science, Masters ,?,Accepted,28 Feb 2006 ,,,,,,I,13 Mar 2006,
University of Iowa,Actuarial Science, Masters ,?,Accepted,28 Jan 2006 ,,,,,,I,11 Mar 2006,
University of Waterloo,Actuarial Science, Masters ,?,Rejected,10 Mar 2006 ,,,,,,I,11 Mar 2006,
"University of Texas, Austin (UT Austin)",Actuarial Science, Masters ,?,Rejected,24 Feb 2006 ,,,,,,I,26 Feb 2006,
