University,Program,Degree,Entrance Semester,Decision,Decision Date,GPA,GRE Verbal,GRE Quantitive,GRE Writing,GRE Subject,Status,Date Added,Notes
University Of Alberta (U Of A),"Agriculture, Food And Nutritional Science", Masters ,F20,Accepted,18 Jun 2020 ,,,,,,I,22 Jun 2020,
Michigan State University,Agriculture Food And Resource Economics, PhD ,S20,Rejected,28 Feb 2020 ,,,,,,U,28 Feb 2020,
University Of Arizona,Agriculture And Resource Economics, Masters ,F20,Accepted,19 Feb 2020 ,2.50,160,160,5.00,n/a,A,19 Feb 2020,
University Of Arizona,Agriculture And Resource Economics, Masters ,F20,Interview,10 Feb 2020 ,2.50,160,160,5.00,n/a,A,15 Feb 2020,
"University Of California, Berkeley",Agriculture And Resource Economics, PhD ,F20,Other,4 Feb 2020 ,,,,,,,4 Feb 2020,To the posts who said they were accepted into Berkeley's ARE PhD Program: can you confirm that you were accepted into the ARE dept (as opposed to Econ dept)? Thank you so much.
University Of Wisconsin-Madison,Agriculture And Applied Economics, PhD ,F19,Accepted,3 Mar 2019 ,,,,,,U,24 Mar 2019,"I have been offered a conditional offer, waiting for responses from 3 students ahead of me. If you are any of those 3, and have better offers, please reject soon, Wisconsin is my dream school !!"
Penn State University,Agriculture And Extension Education, Other ,F19,Accepted,8 Mar 2019 ,,,,,,A,8 Mar 2019,MEd
University Of Georgia Athens,Agriculture Education, Masters ,F19,Accepted,15 Feb 2019 ,,,,,,A,16 Feb 2019,Saw on their grad status website that was emailed to me that the latest decision was an offer of admission
Tufts University,"Agriculture, Food And Environment", Masters ,F19,Accepted,5 Feb 2019 ,3.50,167,156,5.00,n/a,A,5 Feb 2019,Scholarships/funding notification will arrive in March.
The University Of South Carolina (Columbia),Agriculture And Environmental Chemistry, Masters ,S19,Interview,2 Dec 2018 ,,,,,,I,1 Dec 2018,
"McGill University (Montreal, Canada)",Food Science And Agriculture Chemistry, Masters ,F18,Interview,4 May 2018 ,,,,,,I,4 May 2018,did anyone heard anything from food science?
McGill Univerisity,Food Science And Agriculture Chemistry, Masters ,F18,Interview,28 Apr 2018 ,,,,,,I,28 Apr 2018,"To the poster below, did you had an interview before result and can you share your profile please if you don't mind."
McGill Univerisity,Food Science And Agriculture Chemistry, Masters ,F18,Rejected,27 Apr 2018 ,,,,,,I,27 Apr 2018,They replied soo late and that too rejection
McGill Universeity,Food Science And Agriculture Chemistry, Masters ,F18,Interview,26 Apr 2018 ,,,,,,I,26 Apr 2018,Does anyone out there heard from the food science department??
"McGill University (Montreal, Canada)",Food Science And Agriculture Chemistry, Masters ,F18,Interview,20 Apr 2018 ,,,,,,O,20 Apr 2018,I just had an interview with professor Yesterday.  Now how much more time i have to wait for Results..  Its really frustrating now.
McGill Univerisity,Food Science And Agriculture Chemistry, Masters ,F18,Other,9 Apr 2018 ,,,,,,O,9 Apr 2018,"Hello.  To the poster below, did you asked anything from department about results n are you done with the interview?"
McGill University Canada,Food Science And Agriculture Chemistry, Masters ,F18,Other,6 Apr 2018 ,3.00,161,154,3.00,n/a,I,6 Apr 2018,Hi I haven't heard anything from the department. Please let me know if anyone has received acceptance in this program
Michigan State  University (MSU),"Agriculture, Food And Resource Economics", PhD ,F18,Accepted,7 Mar 2018 ,3.15,170,155,4.00,n/a,U,7 Mar 2018,"grad gpa 4.0/4.0

on a wait list for funding yet"
Connecticut (UConn),Agriculture, PhD ,F18,Accepted,2 Mar 2018 ,,,,,,U,5 Mar 2018,
Yale,Agriculture And Resource Economics (AREC), PhD ,F18,Rejected,14 Feb 2018 ,3.30,96,58,95.00,n/a,A,20 Feb 2018,
ีUniversity Of Maryland - College Park (UMD),Agriculture And Resource Economics (AREC), PhD ,F18,Accepted,17 Feb 2018 ,3.90,163,168,3.50,n/a,I,17 Feb 2018,"a generic letter from Pin-Wuan Lin, information about funding will come at a later date"
UC Berkeley,Agriculture & Resource Economics (ARE), PhD ,F18,Rejected,14 Feb 2018 ,,,,,,I,15 Feb 2018,
UC Berkeley,Agriculture & Resource Economics (ARE), PhD ,F18,Other,14 Feb 2018 ,,,,,,I,14 Feb 2018,"To the poster below: yes, it is the same link. I saw the rejection letter in the website, some minutes later I received an email."
Tufts Friedman School Of Nutrition Science And Policy,"Agriculture, Food, And Environment (AFE)", Masters ,F18,Accepted,8 Feb 2018 ,3.61,168,167,5.50,n/a,A,11 Feb 2018,
Sutcu Imam University,Agriculture, PhD ,F18,Accepted,1 Feb 2018 ,,,,,,I,1 Feb 2018,
"University Of Colorado, Boulder",Agriculture And Environmental Chemistry, PhD ,F18,Accepted,15 Dec 2017 ,,,,,,A,10 Jan 2018,
Colorado State (Fort Collins),Agriculture & Resource Economics (ARE), PhD ,F17,Accepted,6 Mar 2017 ,3.76,156,162,3.00,n/a,I,7 Mar 2017,Considering me for funding
National University Of Singapore (NUS),Agriculture And Applied Economics, Masters ,F17,Accepted,6 Mar 2017 ,,,,,,O,6 Mar 2017,no GRE
UIUC,Agriculture And Applied Economics, Masters ,F17,Accepted,24 Feb 2017 ,3.70,0,170,0.00,n/a,I,24 Feb 2017,"Personalized email, informed by professor that have been admitted to AAE PhD but admission letter is addressed as MS, RA or TA for $17000"
National Institute Of Science Education And Research,Agriculture And Environmental Chemistry, PhD ,S17,Other,9 Oct 2016 ,3.00,149,162,99.99,n/a,I,9 Oct 2016,
Michigan State University,Agriculture Food And Resource Economics, PhD ,F16,Accepted,29 Mar 2016 ,,,,,,U,29 Mar 2016,
The University Of Wisconsin - Madison,Agriculture And Applied Economics, PhD ,F16,Accepted,3 Mar 2016 ,3.11,167,170,4.00,n/a,U,18 Mar 2016,"Still waiting on funding, they said they'll let me know if it becomes available in a couple of weeks. 



Anyone with funding going to reject?"
Tufts Friedman School Of Nutrition,"Agriculture, Food And Environment", PhD ,F16,Rejected,11 Mar 2016 ,,,,,,I,16 Mar 2016,Called and asked status. Received an email a couple of hours later
Tufts,"Agriculture, Food, And Environment", Masters ,F16,Accepted,27 Jan 2016 ,,,,,,A,7 Mar 2016,
University Of Wisconsin - Madison,Agriculture And Applied Economics, PhD ,S16,Rejected,3 Mar 2016 ,,,,,,U,3 Mar 2016,
"University Of Wisconsin, Madison",Agriculture And Applied Economics, PhD ,F16,Accepted,24 Feb 2016 ,3.97,0,165,0.00,n/a,A,1 Mar 2016,Offered university fellowship and SO EXCITED
Tufts University,"Food, Agriculture And Environment", Masters ,F16,Accepted,27 Jan 2016 ,3.90,166,165,6.00,n/a,A,22 Feb 2016,
Michigan State University,"Agriculture, Food And Resource Economics", PhD ,F16,Accepted,3 Feb 2016 ,,,,,,,19 Feb 2016,Official letter from department.
Virginia Polytechnic And State University (Virginia Tech),Agriculture And Applied Economics, PhD ,F16,Accepted,2 Feb 2016 ,3.80,152,160,4.00,n/a,U,12 Feb 2016,With funding.
UC Berkeley,Agriculture & Resource Economics (ARE), PhD ,F16,Accepted,10 Feb 2016 ,,,,,,A,10 Feb 2016,Fully funded!
UC Berkeley,Agriculture And Resource Economics, PhD ,F16,Accepted,9 Feb 2016 ,n/a,159,168,4.50,n/a,U,9 Feb 2016,
Friedman School Of Nutrition Science And Policy,"Agriculture, Food And Environment", Masters ,F16,Accepted,27 Jan 2016 ,,,,,,U,29 Jan 2016,
Indiana - Bloomington,Agriculture And Environmental Chemistry, PhD ,F16,Accepted,15 Jan 2016 ,,,,,,A,21 Jan 2016,
Tufts Friedman School Of Nutrition Science And Policy,"Agriculture, Food And Environment", Masters ,F16,Accepted,20 Jan 2016 ,3.84,157,162,5.00,n/a,A,20 Jan 2016,
"""University Of Washington Seattle",Agriculture And Environmental Chemistry, PhD ,F16,Accepted,22 Dec 2015 ,,,,,,A,22 Dec 2015,
Maryland,Agriculture And Resource Economics, PhD ,F15,Accepted,15 Apr 2015 ,,,,,,A,15 Apr 2015,I just rejected my offer from UMD ARE good luck to those waiting
Friedman School Nutrition,Agriculture Food And Environment, Masters ,F14,Accepted,11 Apr 2012 ,,,,,,A,11 Apr 2015,
University Of Guelph,"Food, Agriculture And Resource Economics", Masters ,F15,Other,2 Apr 2015 ,,,,,,I,2 Apr 2015,Has anybody heard anything from this department?
Tufts Friedman,"Agriculture, Food, Environment", Masters ,F15,Rejected,3 Mar 2015 ,3.85,153,162,3.00,n/a,I,3 Mar 2015,
Maryland,Agriculture And Resource Economics, PhD ,F15,Accepted,2 Mar 2015 ,3.58,158,170,4.00,n/a,A,2 Mar 2015,"Got in a week ago, got funding of 23k today"
Michigan State University,"Agriculture, Food, And Resource Economics", Masters ,F15,Accepted,27 Feb 2015 ,3.98,159,153,4.00,n/a,A,28 Feb 2015,"Research assistantship with funding and stipend! First acceptance, already been emailed by several possible research advisors! Go green!"
Cornell University,"Agriculture And Life Sciences, MPS", Masters ,F15,Accepted,25 Feb 2015 ,3.78,161,155,5.00,n/a,A,27 Feb 2015,
"Tufts University, Friedman School Of Nutrition","Agriculture, Food, And Environment", Masters ,F15,Accepted,26 Feb 2015 ,,,,,,A,26 Feb 2015,MS/MPH
University Of Maryland,Agriculture And Resource Economics (AREC), PhD ,F15,Accepted,22 Feb 2015 ,,,,,,A,23 Feb 2015,Email to check website. No word on funding.
UC Berkeley,Agriculture & Resource Economics, PhD ,F15,Rejected,19 Feb 2015 ,,,,,,I,20 Feb 2015,
Berkeley,Agriculture And Resource Economics, PhD ,F15,Rejected,18 Feb 2015 ,n/a,157,170,5.00,n/a,U,18 Feb 2015,Email to check website
UC Berkely,Agriculture And Resource Economics, PhD ,F15,Rejected,18 Feb 2015 ,3.58,158,170,4.00,n/a,A,18 Feb 2015,
UC Berkeley,Agriculture And Resource Economics, PhD ,F15,Rejected,18 Feb 2015 ,,,,,,A,18 Feb 2015,
UC Berkeley,Agriculture And Resource Economics, PhD ,F15,Accepted,13 Feb 2015 ,,,,,,A,16 Feb 2015,Funding for first year
Tufts Friedman School,"Agriculture, Food, And Environment", Masters ,F15,Accepted,12 Feb 2015 ,3.75,168,157,4.50,n/a,A,16 Feb 2015,
UC Berkeley,Agriculture And Resource Economics, PhD ,F15,Accepted,29 Jan 2015 ,3.70,165,170,4.00,n/a,A,29 Jan 2015,Nominated for Berkeley Fellowship. Prof called to let me know I would receive official admission in a few weeks.
Tufts University,"Agriculture, Food And Environment", Masters ,F15,Accepted,20 Jan 2015 ,,,,,,A,21 Jan 2015,
North Carolina Agriculture And Technology State University,Electrical Engineering, Masters ,F14,Interview,7 May 2014 ,,,,,,I,7 May 2014,
University Of Exeter,Food Security And Sustainable Agriculture, Masters ,F14,Accepted,11 Mar 2014 ,,,,,,I,11 Mar 2014,
University Of Wisconsin-Madison,Agriculture And Applied Economics, PhD ,F14,Accepted,14 Feb 2014 ,3.47,690,800,4.50,n/a,U,14 Feb 2014,Funding TBA
Texas A&M University,Agriculture Economics, PhD ,F14,Rejected,10 Feb 2014 ,,,,,,U,10 Feb 2014,Tell me why~
Texas A&M University,Agriculture Economics, PhD ,F14,Accepted,29 Jan 2014 ,3.90,155,165,4.00,n/a,I,7 Feb 2014,No information on funding
University Of Wisconsin-Madison,Agriculture And Applied Economics, PhD ,F14,Interview,19 Jan 2014 ,3.47,690,800,4.50,n/a,U,19 Jan 2014,they are considering to nominate me for university fellowship and would like to assess my fit for the program
University Of California At Davis,Agriculture And Environmental Chemistry, PhD ,F13,Rejected,8 May 2013 ,,,,,,I,8 May 2013,
Agriculture,Animal Science, PhD ,F13,Accepted,29 Apr 2013 ,,,,,,I,29 Apr 2013,
UC Davis,Agriculture And Resource Economics, Masters ,F13,Accepted,3 Apr 2013 ,,,,,,A,7 Apr 2013,Anyone else in the program already living in Davis?
University Of Wisconsin-Madison,Agriculture& Applied Economics, Masters ,F13,Rejected,23 Feb 2013 ,,,,,,U,23 Feb 2013,
Michigan State University,"CARRS, Department Of Community, Agriculture, Recreation, And Resources Studies", PhD ,F13,Accepted,6 Feb 2013 ,,,,,,I,6 Feb 2013,Awaiting funding detail.. I applied for the ESPP fellowship a week ago.
Tufts Friedman School,"Agriculture, Food, And Environment", Masters ,F12,Wait listed,15 Mar 2012 ,,,,,,A,16 Mar 2012,"Told I could have a spot on the wait list, but I declined as I'm already in and funded elsewhere."
Tufts University Friedman School Of Nutrition Science And Policy,"Agriculture, Food, And Environment", Masters ,F12,Accepted,1 Mar 2012 ,,,,,,A,2 Mar 2012,Invited to an Open House on 3/30. Told me I would hear about tuition scholarship by mid-march
ีUniversity Of Maryland - College Park,Agriculture & Resource Economics (ARE), PhD ,F12,Accepted,12 Feb 2012 ,3.70,730,800,4.00,n/a,I,28 Feb 2012,assistanship + fellowship
Michigan State University (MSU),"Department Of Community, Agriculture, Recreation And Resource Studies", Masters ,F12,Accepted,17 Feb 2012 ,,,,,,A,17 Feb 2012,Emailed POI and found out today that I'm in with a GA. Woot!
Erasmus Program,Agriculture Food And Environment Policy Analysis (AFEPA), Masters ,F11,Other,19 Apr 2011 ,,,,,,,19 Apr 2011,Have anyone heard any news about Erasmus scholarship from them yet?
University Of Connecticut,Agriculture & Resource Economics (ARE), Masters ,F11,Accepted,24 Feb 2011 ,,,,,,A,26 Feb 2011,
Cornell University,International Agriculture And Rural Development - MPS, Masters ,F10,Accepted,10 May 2010 ,,,,,,A,10 May 2010,
"University Of Wisconsin, Madison",Agriculture And Applied Economics, PhD ,?,Rejected,25 Feb 2007 ,,,,,,U,25 Feb 2007,First results of six. Not looking good...
Louisiana State University,Agriculture Economics & Agribusiness, Masters ,?,Rejected,12 May 2006 ,,,,,,I,12 May 2006,"After thousands of emails WITHOUT answer, even about the program, finally someone told me i have got a rejection. Well, I have a much better university to go so i realy donÂ´t care. This department suxs, i will apply to Phd there so when i receive emails from them with offers i will wait a loooong time to answer back and then, sure, i will decline. Revenge is a dish best served cold! Good luck for all an this Fall in the US and around the world."
University Of Tennessee - Knoxville,Agriculture Economics, Masters ,?,Accepted,3 May 2006 ,,,,,,I,4 May 2006,"I have already been admitted by march but now came the funds! 14,4k year + waiver includes health insurance. =)"
Mississippi State University,Agriculture Economics, Masters ,?,Accepted,1 May 2006 ,,,,,,I,1 May 2006,"R.A. U$ 12.000,00 =)"
University of Tennessee - Knoxville,Agriculture Economics & Agribusiness, Masters ,?,Accepted,29 Mar 2006 ,,,,,,I,29 Mar 2006,Letter mailed on 22th of March. Still waiting the department position about an assistantship.
