University,Program,Degree,Entrance Semester,Decision,Decision Date,GPA,GRE Verbal,GRE Quantitive,GRE Writing,GRE Subject,Status,Date Added,Notes
Columbia University,Business Analytics, Masters ,S21,Other,1 Jan 2021 ,,,,,,U,1 Jan 2021,Anyone waiting results from IEOR department?  I haven’t heard anything since Nov
USC Marshall School Of Business,Business Analytics, Masters ,F21,Wait listed,18 Dec 2020 ,3.80,150,166,3.50,n/a,I,18 Dec 2020,"Hoped for an admit. Application would be re-reviewed in the subsequent round.

Stats - Engineering from Tier 2 Uni from India, 2.5YOE in Analytics"
Duke University,Business Analytics, Masters ,F21,Accepted,9 Dec 2020 ,,,,,,U,10 Dec 2020,GMAT: 740. Accepted with a merit scholarship.
University Of Texas At Austin,Business Analytics, Masters ,F21,Accepted,4 Dec 2020 ,3.80,160,168,4.00,n/a,I,9 Dec 2020,
"University Of California, Irvine",Business Analytics, Masters ,F21,Accepted,6 Nov 2020 ,,,,,,A,8 Dec 2020,The program starts in the Summer 2021.
Rensselaer Polytechnic Institute,Business Analytics, Masters ,F21,Accepted,2 Dec 2020 ,3.67,164,162,5.00,n/a,A,4 Dec 2020,
"Rutgers, The State University Of New Jersey",Business Analytics, Masters ,S21,Accepted,1 Oct 2020 ,,,,,,A,31 Oct 2020,"Submitted application and was admitted less than 48 hours later. Check the status on the ""Quick Lookup"" webpage. It took another 14 days before I received the admittance email."
Raj Kumar Goel Institute Of Technology,Business Analytics, Masters ,F20,Accepted,11 Aug 2020 ,3.10,154,320,99.99,n/a,I,11 Aug 2020,
"University Of Californa, Los Angeles (UCLA)",Business Analytics, Masters ,F20,Rejected,14 Jul 2020 ,,,,,,U,14 Jul 2020,"Submitted end of March and received reject inform through Email today, so sad! Sent many emails and got NO reply till today(14 July 2020)"
"University Of Californa, Los Angeles (UCLA)",Business Analytics, Masters ,F20,Other,2 Jul 2020 ,,,,,,U,2 Jul 2020,"Hello, applied on April 30, never heard back from them. No updates at all. Anybody heard back from  UCLA? Thank you!!!"
University College London (UCL),Business Analytics, Masters ,F20,Accepted,12 Mar 2020 ,,,,,,I,17 Jun 2020,Applied in Oct/Nov 2019; interviewed in Feb 2020; offer letter in March 2020
Northeastern University,Business Analytics, Masters ,F20,Accepted,3 Jun 2020 ,,,,,,U,3 Jun 2020,Yay! So happy!
University Of New Hampshire,Business Analytics, Masters ,F20,Accepted,21 May 2020 ,,,,,,A,21 May 2020,
University Of Maryland (College Park),Business Analytics, Masters ,F20,Wait listed,15 May 2020 ,,,,,,U,15 May 2020,"Applied 2 months ago, just found out been waitlisted."
University College London (UCL),Business Analytics, Masters ,F20,Accepted,13 May 2020 ,,,,,,A,12 May 2020,"So excited! Career-changer with a grad degree in another subject, absolutely my top choice!"
Northeastern University,Business Analytics, Masters ,F20,Other,12 May 2020 ,,,,,,U,11 May 2020,"Applied 2 months ago. On the website, it says that the notification should be today but still no news? Anybody know whats happening?"
University Of Texas At Dallas,Business Analytics, Masters ,F20,Accepted,7 May 2020 ,3.50,150,169,3.50,n/a,U,7 May 2020,Super fast decision. Applied on 4/29 and received the decision on 5/7.
Columbia University,Business Analytics, Masters ,F20,Rejected,4 May 2020 ,,,,,,I,5 May 2020,
Columbia University (Fu Foundation),Business Analytics, Masters ,F20,Rejected,4 May 2020 ,,,,,,I,5 May 2020,
Columbia University,Masters Of Business Analytics, Masters ,F20,Rejected,4 May 2020 ,3.60,163,164,4.50,n/a,U,4 May 2020,After more than 4 months of radio silence (no interview) I finally received a rejection. I had already accepted another school's offer but living in NYC would have been interesting. Congrats to all those accepted!
Columbia University (Fu Foundation),Business Analytics, Masters ,F20,Other,2 May 2020 ,,,,,,A,2 May 2020,TTPB: I’m not sure what you mean. I applied in December (12/24) and then interviewed February (2/14). And then was admitted April (4/29). So it was quite the wait between each step for me. The admissions website says the interview is only a possibility so perhaps some get accepted without it. But I can’t say for certain.
Columbia University,Business Analytics, Masters ,F20,Other,2 May 2020 ,,,,,,,2 May 2020,"TTPB: what do you mean applied mid feb and just got selected, didn't you get interview invites earlier!!??

P. S. Do people get selected without interviews?"
Columbia University (Fu Foundation),Business Analytics, Masters ,F20,Other,1 May 2020 ,,,,,,A,1 May 2020,TPB: Submitted application 12/24. Invite for interview 2/13. Submitted interview 2/14. Accepted 4/29.
Columbia University,Business Analytics, Masters ,F20,Other,1 May 2020 ,,,,,,,30 Apr 2020,TPB: Congratulations on your admit! When did you receive your invitation to interview?
Columbia University (Fu Foundation),Business Analytics, Masters ,F20,Accepted,29 Apr 2020 ,,,,,,A,29 Apr 2020,"Got an email saying to check the portal then had my offer letter and require $4,000 deposit. Stoked :)"
Columbia University,Business Analytics, Masters ,F20,Other,29 Apr 2020 ,,,,,,I,29 Apr 2020,Do people receive admits without interview?
Columbia University,Business Analytics, Masters ,F20,Other,27 Apr 2020 ,,,,,,O,27 Apr 2020,"Hello, TPB. I submitted my interview on 3.13. And filled a survey on 4.9. Last week, I emailed them about the decision date. They told me the decision will come out by the end of April or Mid of May."
Columbia University,Masters In Business Analytics, Masters ,F20,Other,21 Apr 2020 ,,,,,,U,21 Apr 2020,"I applied to Columbia's M.S. in Business Analytics on 01/08/2020. It's been almost 4 months with no communication from the university, NOTHING. As many students in this forum, I am extremely frustrated by the university's radio silence, and called them today to ask for a reason why decisions haven't been released yet and protest their muteness. They gave me the same bs answer that they are still reviewing them and will know by end of April. If you are in the same boat, call IEOR Admissions at 212-854-4351 and make your voice heard!"
"University Of Californa, Los Angeles (UCLA)",Business Analytics, Masters ,F20,Accepted,20 Apr 2020 ,3.70,163,168,4.50,n/a,U,20 Apr 2020,
University Of Texas At Austin,Business Analytics, Masters ,F20,Wait listed,6 Apr 2020 ,3.80,160,170,5.00,n/a,I,16 Apr 2020,Was really confident of an admit. Let's hope for the best
Columbia University,Business Analytics, Masters ,F20,Accepted,6 Apr 2020 ,3.73,159,170,4.00,n/a,I,9 Apr 2020,Finally..!
Duke University Fuqua School Of Business,Business Analytics, Masters ,F20,Accepted,13 Mar 2020 ,3.73,159,170,4.00,n/a,I,9 Apr 2020,I am so happy
University Of Cincinnati,Business Analytics, PhD ,F20,Rejected,6 Apr 2020 ,4.00,166,164,4.50,n/a,A,6 Apr 2020,"Emailed since there was no update since I applied, quickly returned : We have offered admission to all of the students that we can and they have accepted into the OBAIS Ph.D. program for spring 2020.  At this point it seems that we will not offer admission to any other students."
Columbia University,Business Analytics, Masters ,F20,Other,5 Apr 2020 ,,,,,,,5 Apr 2020,"Hello, Thanks for helping though I am applying for CU instead of UBC."
University Of British Columbia,Business Analytics, Masters ,F20,Accepted,2 Apr 2020 ,n/a,163,161,4.00,n/a,I,4 Apr 2020,"Undergrad percentage: 83%

Application submitted on 15th January.

Interview call came on 26th February. They give you a list of dates and times to chose. You can do an in-person interview if you live in Vancouver. I chose Skype interview because I'm from India.

Interview occurred on 5th March.

I had completed 5 UBC courses via edX and maintained an 89% grade.

Hope this helps you get a sense of the timeline."
Columbia University,Business Analytics, Masters ,F20,Other,3 Apr 2020 ,,,,,,O,3 Apr 2020,I mean the interview. Sorry about confusion.
Columbia University,Business Analytics, Masters ,F20,Other,3 Apr 2020 ,,,,,,O,3 Apr 2020,"I submitted the application on 3.12, but still have not received any updates. IS there anyone who has the same situation?"
Columbia University (Fu Foundation),Business Analytics, Masters ,F20,Other,3 Apr 2020 ,,,,,,,2 Apr 2020,"TPB: I applied to MS&E, not Business Analytics. But I had a similar case where I have not been notified of the status of my application up until now (I submitted my application on 02/15). I'm also wondering if interview is a necessity to be admitted. Should we check with the admissions team if they're still rolling out interview invitations? Thx."
University Of Chicago,Business Analytics, Masters ,F20,Wait listed,2 Apr 2020 ,,,,,,U,2 Apr 2020,
University Of Texas At Austin,Business Analytics, Masters ,F20,Rejected,2 Apr 2020 ,,,,,,I,2 Apr 2020,
University Of Texas At Austin,Business Analytics, Masters ,F20,Rejected,2 Apr 2020 ,3.47,162,168,4.00,n/a,I,2 Apr 2020,
Northwestern University,Business Analytics, Masters ,F20,Other,1 Apr 2020 ,,,,,,U,1 Apr 2020,TTPB: That means you will get a chance to be admitted from the waitlist. I have been waitlisted too and am anxiously waiting for an interview...
Columbia University,Business Analytics, Masters ,F20,Other,1 Apr 2020 ,,,,,,I,1 Apr 2020,"To all those who got an interview, could you walk me through how you were notified? Did everyone get an email saying their application was being reviewed, irrespective of whether or not they got the interview call? I haven't gotten an email since I submitted my application on 02/14."
Columbia University,Business Analytics, Masters ,F20,Accepted,31 Mar 2020 ,,,,,,A,31 Mar 2020,
Columbia University,Business Analytics, Masters ,F20,Other,29 Mar 2020 ,,,,,,U,29 Mar 2020,What's their career placement like? They don't have a lot of statistics/info on their website.
University Of Texas At Austin,Business Analytics, Masters ,F20,Accepted,18 Mar 2020 ,3.40,155,168,3.50,n/a,I,28 Mar 2020,
University Of Michigan,Business Analytics, Masters ,F20,Accepted,26 Mar 2020 ,n/a,148,160,0.00,n/a,I,25 Mar 2020,Got admitted 7 days after submitting the application
Drexel University,Operation And Business Analytics, PhD ,F20,Wait listed,23 Mar 2020 ,,,,,,,23 Mar 2020,"ask if I am still interested, I am on the top of the waitlist. I have declined already."
Columbia University,Business Analytics, Masters ,F20,Accepted,23 Mar 2020 ,3.50,158,170,3.50,n/a,A,23 Mar 2020,Not sure if I'll go given its career placement...
Columbia University,Business Analytics, Masters ,F20,Accepted,17 Mar 2020 ,,,,,,I,23 Mar 2020,Very confused between the CMU MISM program and Columbia BA program
University Of Iowa,Business Analytics, PhD ,F20,Rejected,19 Mar 2020 ,n/a,0,170,0.00,n/a,I,22 Mar 2020,"Informed that more than 60 applications, only admit 3."
Columbia University,Business Analytics, Masters ,F20,Other,20 Mar 2020 ,,,,,,,20 Mar 2020,"TPB: Hello, big congrat. I am wondering when did you finish the interview?"
Columbia University,Business Analytics, Masters ,F20,Accepted,19 Mar 2020 ,,,,,,A,20 Mar 2020,
University Of Texas At Austin,Business Analytics, Masters ,F20,Other,19 Mar 2020 ,,,,,,,19 Mar 2020,"TTPB both, were you interviewed? offered any scholarship?"
University Of Texas At Austin,Business Analytics, Masters ,F20,Accepted,18 Mar 2020 ,3.40,160,160,0.00,n/a,I,19 Mar 2020,
University Of Texas At Austin,Business Analytics, Masters ,F20,Accepted,18 Mar 2020 ,3.50,154,162,4.50,n/a,I,19 Mar 2020,GRE/GPA is usually not the deciding factor in any university. The applications are assessed holistically.
Duke University Fuqua School Of Business,Quantitative Management (MQM): Business Analytics, Masters ,F20,Rejected,12 Mar 2020 ,3.50,154,162,4.50,n/a,,19 Mar 2020,The work experience was quite higher than the 3 years limit. My advice would be to apply only if your experience is less than 5 years at most.
McCormick Northwestern University,Business Analytics, Masters ,F20,Rejected,16 Mar 2020 ,,,,,,I,17 Mar 2020,Had submitted the video. No interview invite. Trying to guess why the reject. No reasoning from adcom.
Duke University Fuqua School Of Business,Business Analytics, Masters ,F20,Accepted,13 Mar 2020 ,3.21,160,165,3.50,n/a,A,13 Mar 2020,"Had a video interview with an alumni, then got accepted 3 weeks later."
Columbia University - Fu Foundation,Business Analytics, Masters ,F20,Other,12 Feb 2020 ,3.54,152,167,3.50,n/a,I,13 Mar 2020,
Duke University Fuqua School Of Business,Business Analytics, Masters ,F20,Accepted,12 Mar 2020 ,3.54,152,167,3.50,n/a,I,13 Mar 2020,
Columbia University (Fu Foundation),Business Analytics, Masters ,F20,Accepted,12 Mar 2020 ,,,,,,I,13 Mar 2020,TTPB: Hi! Thank you! I submitted my application on 28-dec and I was interviewed on 13-feb
Columbia University,Business Analytics, Masters ,F20,Other,13 Mar 2020 ,,,,,,,13 Mar 2020,"TPB: Hello, big congrat. I am wondering when did you receive the finish the interview? Since I am thinking about how long will it take for geting the result. Thanks for your reply."
Columbia University (Fu Foundation),Business Analytics, Masters ,F20,Accepted,12 Mar 2020 ,3.50,161,170,4.50,n/a,I,13 Mar 2020,
"University Of Californa, Los Angeles (UCLA)",Business Analytics, Masters ,F20,Rejected,11 Mar 2020 ,3.85,158,165,4.00,n/a,U,11 Mar 2020,
Massachusetts Institute Of Technology (MIT),Business Analytics, Masters ,F20,Accepted,5 Mar 2020 ,,,,,,I,6 Mar 2020,Missed the call but my interviewer left a voicemail message and subsequently called me back. I'm so chuffed. My application was submitted late and my interview docu*ent didn't upload! It seems like all odds were stacked against me but I'm happy to have been accepted.
Emory University,Business Analytics, Masters ,F20,Accepted,6 Mar 2020 ,3.63,170,157,0.00,n/a,U,6 Mar 2020,
Massachusetts Institute Of Technology (MIT),Business Analytics, Masters ,F20,Wait listed,5 Mar 2020 ,,,,,,I,6 Mar 2020,Anyone knows the statistics on waitlisted acceptances?
University Of Cincinnati,Business Analytics, Masters ,F20,Accepted,10 Jan 2020 ,,,,,,I,6 Mar 2020,
University Of Minnesota,Business Analytics, Masters ,F20,Accepted,17 Dec 2019 ,3.60,157,168,4.00,n/a,I,6 Mar 2020,
Massachusetts Institute Of Technology (MIT),Business Analytics, Masters ,F20,Rejected,5 Mar 2020 ,n/a,161,169,5.50,n/a,I,6 Mar 2020,So disappointed and heart broken. My interview was pretty decent and I was very confident. Don't know where I lagged :(
Massachusetts Institute Of Technology (MIT),Business Analytics, Masters ,F20,Wait listed,5 Mar 2020 ,,,,,,O,5 Mar 2020,It seems that they are giving a lot more waitlist this year as compared to last year? Can anyone confirm this?
Massachusetts Institute Of Technology (MIT),Business Analytics, Masters ,F20,Rejected,5 Mar 2020 ,3.71,167,164,4.00,n/a,A,5 Mar 2020,"Performed poorly during the interview and was certainly not amongst the most qualified of candidates. Relieved that the wait is over, and looking forward to continuing to hear from other schools."
MIT Sloan School Of Management,Business Analytics, Masters ,F20,Rejected,5 Mar 2020 ,,,,,,U,5 Mar 2020,"Very Very Disappointed. Spent countless nights trying to prepare for the interview and the presentation. Thought the interview went okay but still rejected. I have received rejections from all of my dream schools, will probably go to my safety school. Tired of getting rejected from everywhere....."
MIT Sloan School Of Management,Business Analytics, Masters ,F20,Accepted,5 Mar 2020 ,4.00,169,170,5.50,n/a,I,5 Mar 2020,Very impressed! They called (I missed the call) but subsequently an e-mail came from a current MBAn student with a similar background to myself - they've really thought this through. Very happy and all the best to everyone else!
Massachusetts Institute Of Technology (MIT),Business Analytics, Masters ,F20,Rejected,5 Mar 2020 ,,,,,,A,5 Mar 2020,TTPB: also had a terrible interview!! oh well. congrats to everyone who made it :)
MIT Sloan School Of Management,Business Analytics, Masters ,F20,Rejected,5 Mar 2020 ,,,,,,I,5 Mar 2020,"Extremely disappointed, spent a lot of time on my application. The interview did not go well though, unfortunately, I did not connect with the interviewer. For reference, GPA 3.8 and GMAT 760.



Congrats to those who got accepted, condolences to those who didn't."
Massachusetts Institute Of Technology (MIT),Business Analytics, Masters ,F20,Wait listed,5 Mar 2020 ,,,,,,,5 Mar 2020,Is there a lor of people in the same case?
Massachusetts Institute Of Technology (MIT),Business Analytics, Masters ,F20,Rejected,5 Mar 2020 ,,,,,,,5 Mar 2020,A bit disappointed but all the best to everyone else!
Massachusetts Institute Of Technology (MIT),Business Analytics, Masters ,F20,Accepted,5 Mar 2020 ,,,,,,,5 Mar 2020,I got a phone call from the interviewer this morning. All decisions are on the portal now! Good luck!
Massachusetts Institute Of Technology (MIT),Business Analytics, Masters ,F20,Other,5 Mar 2020 ,,,,,,,5 Mar 2020,TTPB: Did you get any email regarding your acceptance? I'm desperately refreshing my email
Massachusetts Institute Of Technology (MIT),Business Analytics, Masters ,F20,Accepted,5 Mar 2020 ,,,,,,A,5 Mar 2020,Good luck to all!
"University Of California, Irvine",Business Analytics, Masters ,F20,Accepted,9 Dec 2019 ,3.70,153,167,3.00,n/a,I,4 Mar 2020,"1 related data internship, 3 volunteer works"
Georgia Institute Of Technology,Business Analytics, Masters ,F20,Wait listed,29 Feb 2020 ,,,,,,A,2 Mar 2020,Pleasantly surprised that it wasn't a rejection. Still hopeful for an acceptance!
Boston Universtiy,Business Analytics, Masters ,F20,Accepted,28 Feb 2020 ,n/a,154,165,3.50,n/a,I,2 Mar 2020,
London Business School (LBS),Analytics And Management, Masters ,F20,Rejected,28 Feb 2020 ,3.83,158,166,4.00,n/a,I,28 Feb 2020,Had a perfect interview and was expecting an offer. Rejected with a generic email telling me that competition was very high.
Massachusetts Institute Of Technology (MIT),Business Analytics, Masters ,F20,Rejected,31 Jan 2020 ,3.97,156,166,4.50,n/a,I,27 Feb 2020,"Didn't expect to get in, anyway! Best of luck to everyone else."
Northeastern University,Business Analytics, Masters ,F20,Accepted,26 Feb 2020 ,3.30,153,155,4.50,n/a,,26 Feb 2020,No emails. Just checking the portal on daily basis and saw the notification to check update. Surprised.
Massachusetts Institute Of Technology (MIT),Business Analytics, Masters ,F20,Other,23 Feb 2020 ,,,,,,U,23 Feb 2020,"Are you saying that about 50% of the people who have received the interview invitation will be admitted or there were 50% of the applicant getting the interview invitation? For the 200 people, it's just an estimation based on the total lengths of days they are interviewing people and the time slots in each day."
Massachusetts Institute Of Technology (MIT),Business Analytics, Masters ,F20,Other,23 Feb 2020 ,,,,,,I,23 Feb 2020,I got the 50% from alumni. But maybe they changed the process this year. How did you get the 200? Did they tell you that during the interview?
MIT Sloan School Of Management,Business Analytics, Masters ,F20,Other,22 Feb 2020 ,,,,,,U,22 Feb 2020,"To the post below, did you get the number from the Admissions? I asked them but they won't share the numbers.... I believe they are trying to fill the 60 slots in the upcoming class. And just for the Skype Interview, I believe there are more than 200 people, let alone onsite interviews... From my perspective, maybe the rate of admission for interviews is about 20%?"
Massachusetts Institute Of Technology (MIT),Business Analytics, Masters ,F20,Other,22 Feb 2020 ,,,,,,I,22 Feb 2020,To the poster below: I think the rate admitted to interview is about 50%
"University Of California, Los Angeles",Business Analytics, Masters ,F20,Accepted,20 Feb 2020 ,3.54,158,166,3.50,n/a,I,20 Feb 2020,
UCLA Anderson,Business Analytics, Masters ,F20,Interview,10 Feb 2020 ,,,,,,I,19 Feb 2020,
Columbia University (Fu Foundation),Business Analytics, Masters ,F20,Interview,10 Feb 2020 ,3.50,161,170,4.50,n/a,I,19 Feb 2020,
University Of Southern California,Business Analytics, Masters ,F20,Accepted,14 Feb 2020 ,3.31,167,170,5.50,n/a,I,14 Feb 2020,
Arizona State University,Business Analytics, Masters ,F20,Accepted,15 Feb 2020 ,3.79,159,170,4.00,n/a,I,14 Feb 2020,
Duke University Fuqua School Of Business,MQM: Business Analytics, Masters ,F20,Other,12 Feb 2020 ,,,,,,U,12 Feb 2020,Has anyone received an interview for round 2 yet?
Columbia University,Business Analytics, Masters ,F20,Interview,11 Feb 2020 ,,,,,,A,11 Feb 2020,Wondering what this interview will entail..
Columbia University,Business Analytics, Masters ,F20,Interview,11 Feb 2020 ,,,,,,A,11 Feb 2020,
Purdue University - West Lafayette,Business Analytics, Masters ,F20,Accepted,24 Jan 2020 ,,,,,,U,11 Feb 2020,
Drexel University,Operations And Business Analytics, PhD ,F20,Interview,10 Feb 2020 ,3.50,167,153,3.50,n/a,I,10 Feb 2020,
Emory University,Business Analytics, Masters ,F20,Accepted,17 Jan 2020 ,,,,,,U,9 Feb 2020,
Florida International University,Business Administration(Information System And Business Analytics), PhD ,F20,Accepted,30 Jan 2020 ,,,,,,I,8 Feb 2020,
Massachusetts Institute Of Technology (MIT),Business Analytics, Masters ,F20,Interview,31 Jan 2020 ,,,,,,,4 Feb 2020,Any ideas on how to prepare for the technical aspect of the interview?
MIT Sloan School Of Management,Business Analytics, Masters ,F20,Other,4 Feb 2020 ,,,,,,U,3 Feb 2020,"Hi, everyone. Does anyone know how many people are offered interview? And out of these people, how many people will get accepted?"
Massachusetts Institute Of Technology (MIT),Business Analytics, Masters ,F20,Rejected,31 Jan 2020 ,3.50,158,170,3.50,n/a,A,31 Jan 2020,Not surprised. It seems like they are only accepting applications with a very high GPA.
Massachusetts Institute Of Technology (MIT),Business Analytics, Masters ,F20,Rejected,31 Jan 2020 ,,,,,,I,31 Jan 2020,Well atleast they didn't make me wait until March! I honestly appreciate it!
Massachusetts Institute Of Technology (MIT),Business Analytics, Masters ,F20,Interview,31 Jan 2020 ,,,,,,U,31 Jan 2020,
MIT Sloan School Of Management,Business Analytics, Masters ,F20,Interview,31 Jan 2020 ,3.80,158,162,4.50,n/a,A,31 Jan 2020,Invited to interview via Skype! Over the freakin mooooooon
MIT Sloan School Of Management,Business Analytics, Masters ,F20,Interview,31 Jan 2020 ,,,,,,I,31 Jan 2020,"Received an interview invitation on 31st Jan, for an interview period between 4th Feb and 2nd Mar!"
London Business School (LBS),Analytics And Management (MAM), Masters ,F20,Interview,29 Jan 2020 ,3.83,158,166,4.00,n/a,I,31 Jan 2020,I was told I will be matched with one of the alumni for a face-to-face interview at my 1st choice location.
Fordham University,Business Analytics, Masters ,F20,Interview,30 Jan 2020 ,3.80,158,162,4.50,n/a,A,30 Jan 2020,
USC Marshall School Of Business,Business Analytics, Masters ,F20,Accepted,19 Dec 2019 ,3.50,153,166,5.50,n/a,A,20 Dec 2019,FTFO!
College Of William And Mary,Business Analytics, Masters ,F20,Interview,10 Dec 2019 ,3.30,164,159,4.00,n/a,I,10 Dec 2019,
University Of Georgia Athens,Business Analytics, Masters ,F20,Accepted,10 Dec 2019 ,3.30,164,159,4.00,n/a,I,10 Dec 2019,
University College London (UCL),Business Analytics, Masters ,F19,Rejected,30 May 2019 ,,,,,,A,29 May 2019,
University College London (UCL),Business Analytics, Masters ,F19,Rejected,15 May 2019 ,,,,,,I,15 May 2019,
Purdue University,Business Analytics And Information Management, Masters ,S19,Accepted,8 May 2019 ,,,,,,U,8 May 2019,I got rejected by the program 2 months before. Got email last week asking whether I am still interested. Reapply and got accepted. lmao
University Of Texas At Dallas,Business Analytics, Masters ,F19,Accepted,3 May 2019 ,,,,,,A,3 May 2019,Admitted for Fall 2019. Undergrad GPA 3.67 Grad GPA 4.0 Was at another school as a grad econ student. No GRE/GMAT asked for the waiver because GPA > 3.60. Great letter of recommendation and okay essay. Applied on 04/21/2019 and just found out on the website I've been admitted. See you guys in the Fall!
Columbia University (Fu Foundation),Business Analytics, Masters ,F19,Rejected,29 Apr 2019 ,3.52,166,163,4.50,n/a,U,29 Apr 2019,
Columbia University,Business Analytics, Masters ,F19,Rejected,29 Apr 2019 ,,,,,,A,29 Apr 2019,
Queens University,Business Analytics, MBA ,S20,Accepted,2 Mar 2019 ,,,,,,I,29 Apr 2019,"Got admitted into Queens University, MMA 2020 program."
Columbia University (Fu Foundation),Business Analytics, Masters ,F19,Other,17 Apr 2019 ,,,,,,U,17 Apr 2019,Is there anyone else who did the video interview back in Feb and hasn't heard back yet? I'm assuming they've sent out all the acceptances at this point :/
USC Marshall School Of Business,Business Analytics, Masters ,F18,Accepted,12 Apr 2019 ,3.37,157,170,0.00,n/a,A,13 Apr 2019,
University College London (UCL),Business Analytics, Masters ,F19,Accepted,12 Apr 2019 ,,,,,,I,13 Apr 2019,"Applied on the 27th of Feb, interview on the 17th of March. Conditional offer of a 2.1 (no % requirement)."
University Of Southern California,Business Analytics, Masters ,F19,Accepted,12 Apr 2019 ,,,,,,,12 Apr 2019,
University Of Southern California,Business Analytics, Masters ,F19,Other,12 Apr 2019 ,,,,,,O,12 Apr 2019,Has anyone from Round 4 of applicants heard anything yet?
University Of British Columbia,Business Analytics, Masters ,F19,Accepted,11 Apr 2019 ,,,,,,U,11 Apr 2019,
UCLA Anderson,Business Analytics, Masters ,F18,Accepted,10 Apr 2019 ,,,,,,A,11 Apr 2019,
University Of Warwick,Business Analytics, Masters ,F18,Rejected,10 Apr 2019 ,,,,,,,9 Apr 2019,
Columbia University (Fu Foundation School Of Engineering),Business Analytics (MSBA), Masters ,F19,Accepted,8 Apr 2019 ,,,,,,U,9 Apr 2019,
Drexel University,Operations And Business Analytics, PhD ,F19,Wait listed,18 Feb 2019 ,,,,,,U,8 Apr 2019,"If you have better offers, can you please decline the offer from Drexel University soon? I would be grateful. I am the first on the wait-list and Drexel is the only place left where I may pursue doctoral study this Fall."
Columbia University,Business Analytics, Masters ,F19,Other,5 Apr 2019 ,,,,,,U,5 Apr 2019,"For those that were admitted, how long did Columbia give you to accept/decline?"
Columbia University (Fu Foundation),Business Analytics, Masters ,F19,Accepted,4 Apr 2019 ,3.73,156,166,4.00,n/a,U,3 Apr 2019,"Didn't get an email saying the application is under review, but got an acceptance email."
Case Western Reserve University,Business Analytics, Masters ,F19,Accepted,26 Feb 2019 ,3.11,157,165,4.50,n/a,U,3 Apr 2019,Junior / Senior GPA - 3.81/4.0. Mechanical Engineering from a state school in Ohio.
Imperial College London,Business Analytics, Masters ,F19,Interview,2 Apr 2019 ,3.60,154,168,4.00,n/a,I,2 Apr 2019,Finally got the invite for an interview. Applied at the end of February. Scholarship applicant.
Central European University (CEU),Business Analytics, Masters ,F19,Accepted,15 Mar 2019 ,3.60,154,168,4.00,n/a,I,2 Apr 2019,Offered a 50% scholarship.
University Of Minnesota,Business Analytics, Masters ,F19,Rejected,19 Dec 2018 ,3.60,154,168,4.00,n/a,I,2 Apr 2019,
Southern Methodist University (SMU),Business Analytics, Masters ,F19,Accepted,14 Dec 2018 ,3.60,154,168,4.00,n/a,I,2 Apr 2019,Emailed of decision which was posted on application portal.
University Of Rochester,Business Analytics, Masters ,F19,Accepted,2 Jan 2019 ,3.60,154,168,4.00,n/a,I,2 Apr 2019,Offered a 25% scholarship.
"University Of California, Davis",Business Analytics, Masters ,F19,Accepted,20 Dec 2018 ,3.60,154,168,4.00,n/a,I,2 Apr 2019,
University Of Texas At Austin,Business Analytics, Masters ,F19,Rejected,28 Mar 2019 ,,,,,,U,1 Apr 2019,
Columbia University,Business Analytics, Masters ,F19,Other,1 Apr 2019 ,,,,,,I,1 Apr 2019,"For applications sent through the Fu Foundation Portal, where does one see ""Complete and Submitted. You can still update"" ? I just have something called application checklist which shows green ticks, and no communication sent except when the application was down."
Columbia University,Business Analytics, Masters ,F19,Other,30 Mar 2019 ,,,,,,I,30 Mar 2019,"To all those who got an interview, could you walk me through how you were notified? Did everyone get an email saying their application was being reviewed, irrespective of whether or not they got the interview call? I haven't gotten an email since I submitted my application on 02/14."
Carnegie Mellon University (CMU),"Management Information Systems, Business Intelligence And Data Analytics (MISM-BIDA)", Masters ,F19,Rejected,30 Mar 2019 ,3.19,160,163,4.00,n/a,I,29 Mar 2019,TOEFL: 114. Had 2+ years of experience in software development and business analysis. Applied right before the 10 Jan deadline. I was told that MISM-BIDA is very competitive. A moment of silence for my dreams/aspirations. Sigh!
Carnegie Mellon University,"Management Information Systems, Business Intelligence And Data Analytics (MISM-BIDA)", Masters ,F19,Rejected,29 Mar 2019 ,,,,,,A,29 Mar 2019,"710 GMAT, low undergrad GPA, 2 years data quality"
University Of Texas At Austin,Business Analytics, Masters ,F19,Rejected,29 Mar 2019 ,,,,,,U,29 Mar 2019,
Columbia University (Fu Foundation),Business Analytics, Masters ,F19,Accepted,28 Mar 2019 ,3.56,158,164,3.50,n/a,I,28 Mar 2019,"Two of recommenders received a request for verification. One of them submitted the verification request today, the other had done so previously!!!"
Columbia University,Business Analytics, Masters ,F19,Other,28 Mar 2019 ,,,,,,A,28 Mar 2019,"Never had an interview yet and no rejection. Emailed asking status, they asked to be patient. Feeling nervous : ("
Columbia University,Business Analytics, Masters ,F19,Accepted,26 Mar 2019 ,n/a,160,169,4.00,n/a,I,28 Mar 2019,
UC San Diego (UCSD),Business Analytics, Masters ,F19,Accepted,15 Feb 2019 ,,,,,,I,28 Mar 2019,Excited!!
Columbia University,Business Analytics, Masters ,F19,Accepted,26 Mar 2019 ,3.58,147,164,4.00,n/a,I,27 Mar 2019,
Foster School Of Business,Business Analytics, Masters ,S19,Accepted,26 Mar 2019 ,,,,,,A,26 Mar 2019,
McGill University,Business Analytics, Masters ,F19,Other,26 Mar 2019 ,,,,,,,26 Mar 2019,Any reply yet? this waiting is unbearable. I have been waiting for months. Please share
University Of Pittsburgh Katz School Of Business,Marketing Analytics, Masters ,F19,Rejected,6 Mar 2019 ,3.00,156,157,4.00,n/a,I,26 Mar 2019,"I think i got this reject mainly because i missed my interview. Apart from that, my application was strong and fit for the program."
Columbia University,Business Analytics, Masters ,F19,Other,26 Mar 2019 ,,,,,,I,26 Mar 2019,Haven't heard since the interview in Feb. One of my recommenders got a verification mail. Apart from that nothing
Columbia University,Business Analytics, Masters ,F19,Accepted,25 Mar 2019 ,,,,,,U,25 Mar 2019,
Columbia University,Business Analytics, Masters ,F19,Accepted,25 Mar 2019 ,,,,,,,25 Mar 2019,
Columbia University (Fu Foundation School Of Engineering),Business Analytics, Masters ,F19,Accepted,25 Mar 2019 ,,,,,,I,25 Mar 2019,
Columbia University,Business Analytics, Masters ,F19,Other,25 Mar 2019 ,,,,,,,25 Mar 2019,TTBP: I thought it was very high. The conversion rate I mean. But I haven’t seen any post from someone who hasn’t got the interview.
Columbia University (Fu Foundation),Business Analytics, Masters ,F19,Interview,25 Mar 2019 ,,,,,,O,25 Mar 2019,TTP(s)B: Same! Hadn't heard since the interview in Feb. Had emailed the office and they said that the results will be out by March end. Any idea about the conversion rate for interviewed candidates?
Columbia University (Fu Foundation),Business Analytics, Masters ,F19,Other,23 Mar 2019 ,,,,,,,23 Mar 2019,To the poster below: I am in the same boat as you. I mailed the ieor department about this course. They said that they are still reviewing and the decisions will be out in the next few weeks!
Columbia University (Fu Foundation),Business Analytics, Masters ,F19,Other,23 Mar 2019 ,,,,,,I,23 Mar 2019,Anyone still hasn’t received the email saying that your application has been sent for review yet? I submitted since November and haven’t received any communications after that besides the interview invitation. I thought the Columbia might have different definition for “rolling admission”
Georgia Institute Of Technology (GaTech),Business Analytics, Masters ,F19,Other,23 Mar 2019 ,,,,,,I,23 Mar 2019,Hello guys. Is there any chance of admission if I didn’t receive a email about being in the waitlist? Did Gatech send any rejection this year? Thanks a lot!
University Of Arizona - Tucson,Business Analytics, Masters ,F19,Rejected,21 Mar 2019 ,3.12,154,167,3.00,321,I,23 Mar 2019,"Help!!!!!  I have something to ask all you guys, I really want to go to this university, and I applied 3 programs and they were all rejected, what else should I do to apply UA, to contact with the committee directly? Or who knows about the MPA in UA. Thanks a lot!!!!"
Purdue University,Business Analytics, Masters ,F19,Rejected,12 Mar 2019 ,,,,,,U,22 Mar 2019,"Rejected two weeks after the interview. Disappointed. I am senior now in Purdue, and I think I did quite well during the interview. idk why I was rejected"
University Of Arizona,Business Analytics, Masters ,F19,Accepted,22 Mar 2019 ,,,,,,A,22 Mar 2019,I was the one who posted the stats below. They apparently sent me the wrong email and I actually got accepted.
University Of Arizona,Business Analytics, Masters ,F19,Rejected,21 Mar 2019 ,,,,,,A,21 Mar 2019,"710 GMAT, 4.0 grad GPA, 2.9 uGPA, ~2 years work in data quality. Sigh"
Columbia University (Fu Foundation),Business Analytics, Masters ,F19,Other,17 Mar 2019 ,,,,,,,17 Mar 2019,Anyone who hasn’t received an interview yet for this course?
Columbia University (Fu Foundation School Of Engineering),Business Analytics, Masters ,F19,Other,17 Mar 2019 ,,,,,,,17 Mar 2019,Even I had my i had my interview on 22nd feb. No replies yet. Anyone know what we can expect?
Columbia University,Business Analytics, Masters ,F19,Other,17 Mar 2019 ,,,,,,U,16 Mar 2019,"Received the email for interview on 02/22, did the interview and still has not heard back yet."
Columbia University,Business Analytics, Masters ,F19,Other,15 Mar 2019 ,,,,,,A,16 Mar 2019,To the poster asking about the interview: I received a notice for an interview the following week (22-Feb) after the priority deadline.
Columbia University (Fu Foundation),Business Analytics, Masters ,F19,Other,16 Mar 2019 ,,,,,,,15 Mar 2019,"To the below poster: congrats, when did you have your interview?"
Columbia University,Business Analytics, Masters ,F19,Accepted,15 Mar 2019 ,,,,,,A,15 Mar 2019,Received an email to logon into the portal on 3/15
Columbia University (Fu Foundation),Business Analytics, Masters ,F19,Other,15 Mar 2019 ,,,,,,,15 Mar 2019,TPB; even I haven’t heard after the interview in February
Columbia University,Business Analytics, Masters ,F19,Other,15 Mar 2019 ,,,,,,A,15 Mar 2019,Has anyone heard back from this program after their interview?
Northwestern University,Business Analytics, Masters ,F19,Accepted,15 Mar 2019 ,3.88,169,160,4.00,n/a,U,15 Mar 2019,First Acceptance~~~
Massachusetts Institute Of Technology (MIT),Business Analytics, Masters ,F19,Rejected,15 Mar 2019 ,,,,,,,15 Mar 2019,
Columbia Business School,Marketing Analytics, Masters ,F19,Rejected,12 Mar 2019 ,n/a,160,166,5.00,n/a,I,15 Mar 2019,"Going to a better fit program, but rejection will always pinch!"
University Of Connecticut,Business Analytics And Project Management, Masters ,F19,Rejected,27 Feb 2019 ,,,,,,I,14 Mar 2019,application 02/19/19
University Of Tennessee - Haslam School Of Business,Business Analytics, Masters ,F19,Accepted,14 Mar 2019 ,,,,,,,14 Mar 2019,
London Business School (LBS),Analytics And Management (MAM), Masters ,F19,Accepted,13 Mar 2019 ,,,,,,I,13 Mar 2019,
University Of Cincinnati,Business Analytics, PhD ,F19,Other,13 Mar 2019 ,,,,,,U,13 Mar 2019,Has there been any admits in BA or Operations yet ?
University Of Cincinnati,Business Analytics, Masters ,F19,Accepted,12 Mar 2019 ,n/a,163,169,4.00,n/a,I,13 Mar 2019,
San Francisco State University (SFSU),Business Analytics, Masters ,F19,Accepted,20 Feb 2019 ,n/a,151,162,4.00,n/a,I,10 Mar 2019,
Duke University Fuqua School Of Business,Quantitative Management: Business Analytics., Masters ,F19,Accepted,8 Mar 2019 ,3.06,0,162,0.00,n/a,I,9 Mar 2019,
Case Western Reserve University,Business Analytics, Masters ,F19,Accepted,8 Mar 2019 ,3.54,158,156,4.50,n/a,A,9 Mar 2019,
Duke University Fuqua School Of Business,MQM : Business Analytics, Masters ,F19,Accepted,9 Mar 2019 ,,,,,,I,9 Mar 2019,"Received a merit based scholarship of $20,000."
University College London (UCL),Business Analytics, Masters ,F19,Accepted,8 Mar 2019 ,3.70,162,170,4.50,n/a,I,9 Mar 2019,
"University Of California, Irvine",Business Analytics, Masters ,F19,Accepted,8 Mar 2019 ,,,,,,A,8 Mar 2019,Received an invitation to interview on 2/14. Interviewed on 2/25 and received my acceptance letter via email about two weeks later. Super excited!!!
Duke University Fuqua School Of Business,MQM: Business Analytics, Masters ,F19,Accepted,8 Mar 2019 ,,,,,,I,8 Mar 2019,Got a direct call from admissions office! Super excited
"University Of Maryland, College Park (UMD)",Business Analytics, Masters ,F19,Accepted,6 Mar 2019 ,,,,,,U,7 Mar 2019,
Drexel University,Operations And Business Analytics, PhD ,F19,Accepted,12 Feb 2019 ,,,,,,,6 Mar 2019,To the poster below: I already accepted this offer few weeks ago. Not sure how many students they are recruiting. Best of luck!
University Of Toronto,Business Analytics, Masters ,F19,Accepted,1 Mar 2019 ,,,,,,I,6 Mar 2019,
MIT Sloan School Of Management,Business Analytics, Masters ,F19,Accepted,5 Mar 2019 ,4.00,170,157,4.00,n/a,I,6 Mar 2019,I'm on cloud nine!
Massachusetts Institute Of Technology (MIT),Business Analytics, Masters ,F19,Rejected,5 Mar 2019 ,3.14,145,158,3.50,n/a,I,5 Mar 2019,"At least, I tried"
Drexel University - LeBow College Of Business,Operations And Business Analytics, PhD ,F19,Wait listed,5 Mar 2019 ,,,,,,U,5 Mar 2019,"To the poster below: Congratulations! Do you plan to accept this offer? If you have better options, can you please turn it down? I am in the wait list..."
MIT Sloan School Of Management,Business Analytics, MBA ,F19,Rejected,5 Mar 2019 ,,,,,,A,5 Mar 2019,"Via portal: The Admissions Committee has considered your application for the Master of Business Analytics (MBAn) Program and has concluded that we cannot offer you a place in the incoming class.



This year, over 1,000 candidates competed for 60 places in the MBAn Class of 2020. Since we have so few spaces to offer, the challenge is selecting not only academically qualified applicants, but also the very strongest candidates from a field of extraordinarily talented individuals. 



We realize this news comes as a disappointment. However, we do hope that you will accept our best wishes for your success"
Massachusetts Institute Of Technology (MIT),Business Analytics, Masters ,S19,Accepted,5 Mar 2019 ,3.96,166,169,4.00,n/a,I,5 Mar 2019,Yeeeeeeet
MIT Sloan School Of Management,Business Analytics, Masters ,F19,Accepted,5 Mar 2019 ,3.90,170,169,4.50,n/a,I,5 Mar 2019,Economics undergrad.
MIT Sloan School Of Management,Masters Of Business Analytics, Other ,F19,Accepted,5 Mar 2019 ,3.91,167,169,4.50,n/a,A,5 Mar 2019,"My condolences to those who were not offered a letter of acceptance. I'm sure you will have better luck with your other prospects, if you haven't already!"
MIT Sloan School Of Management,Business Analytics, Masters ,F19,Accepted,5 Mar 2019 ,3.93,164,170,4.00,n/a,I,5 Mar 2019,
Massachusetts Institute Of Technology (MIT),Business Analytics, Masters ,F19,Rejected,5 Mar 2019 ,,,,,,I,5 Mar 2019,
Massachusetts Institute Of Technology (MIT),Business Analytics, Masters ,F19,Rejected,5 Mar 2019 ,n/a,0,165,0.00,n/a,I,5 Mar 2019,
Massachusetts Institute Of Technology (MIT),Business Analytics, Masters ,F19,Rejected,5 Mar 2019 ,3.64,163,170,4.00,n/a,,5 Mar 2019,
Georgia Institute Of Technology,Business Analytics, Masters ,F19,Rejected,5 Mar 2019 ,3.40,162,164,5.00,n/a,I,5 Mar 2019,"Engineering undergrad major

3.5 years work experience relevant to program

2 LOR from GATECH alumni"
ERIM,Business Analytics, PhD ,F19,Other,5 Mar 2019 ,,,,,,I,5 Mar 2019,To the poster below: Congrats!  Will you accept their offer?  Trying to decide if I should accept another offer or wait.  Thanks.
ERIM,Business Analytics And Information System, PhD ,F19,Accepted,5 Mar 2019 ,,,,,,I,5 Mar 2019,
Foster School Of Business,Business Analytics, Masters ,F19,Wait listed,1 Mar 2019 ,,,,,,,4 Mar 2019,
Drexel University,Operations And Business Analytics, PhD ,F19,Accepted,12 Feb 2019 ,,,,,,U,4 Mar 2019,"Received on Feb 22, with fellowship."
University Of Pittsburgh,Business Operations & Analytics, PhD ,F19,Interview,4 Mar 2019 ,,,,,,U,4 Mar 2019,To those who received interviews: did you guys hear anything back from this program after your interviews?
UC San Diego (UCSD),Business Analytics, Masters ,F18,Accepted,14 Feb 2019 ,3.20,158,168,3.00,n/a,I,2 Mar 2019,
University Of Texas At Austin,Business Analytics, Masters ,F19,Accepted,1 Mar 2019 ,,,,,,A,2 Mar 2019,
University College London (UCL),Business Analytics, Masters ,F19,Interview,26 Feb 2019 ,,,,,,I,27 Feb 2019,
Drexel University - LeBow College Of Business,Operations And Business Analytics, PhD ,F19,Wait listed,18 Feb 2019 ,,,,,,U,26 Feb 2019,"Congrats to all who received the offers. If you don't plan to accept the offer, can you please reject it as soon as possible? You can give me a chance to pursue my dream. Thank you very much."
Columbia University,Business Analytics, Masters ,F19,Interview,22 Feb 2019 ,,,,,,I,26 Feb 2019,
Imperial College London,Business Analytics, Masters ,F19,Interview,22 Feb 2019 ,,,,,,I,26 Feb 2019,
Georgia Institute Of Technology,Business Analytics, Masters ,F19,Wait listed,25 Feb 2019 ,,,,,,I,26 Feb 2019,
Purdue University - West Lafayette,Business Analytics, Masters ,F19,Accepted,8 Jan 2019 ,3.35,147,170,4.00,820,U,26 Feb 2019,10k scholarship
University Of Maryland College Park,Business Analytics, Masters ,F19,Wait listed,11 Feb 2019 ,3.35,147,170,4.00,820,U,26 Feb 2019,
Georgia State University,Business Analytics, Masters ,F19,Accepted,18 Feb 2019 ,3.35,147,170,4.00,820,U,26 Feb 2019,
University Of Cincinnati,Business Analytics, Masters ,F19,Accepted,14 Dec 2018 ,3.35,147,170,4.00,820,U,26 Feb 2019,
McGill University,Business Analytics, Masters ,F19,Interview,25 Feb 2019 ,,,,,,I,25 Feb 2019,"I have an interview in 3 days, has anyone have an interview before? I want to know about their questions. 

Is it ok to ask about the scholarship or not? :("
Columbia University (Fu Foundation),Business Analytics, Masters ,F19,Interview,22 Feb 2019 ,,,,,,,22 Feb 2019,
Carnegie Mellon University (CMU),Information Systems And Management BIDA (Business Intelligence And Data Analytics) 16 Month Track, Masters ,F19,Accepted,22 Feb 2019 ,3.97,159,170,5.00,n/a,I,22 Feb 2019,"Please respond to our offer of admission by completing the online Response Form by 04/15/2019. Unfortunately, we are unable to offer you any financial assistance at this time."
Columbia University (Fu Foundation),Business Analytics, Masters ,F19,Interview,22 Feb 2019 ,,,,,,I,22 Feb 2019,"need to complete within 48h, 11:13 EST 2.24 expire."
Purdue University - West Lafayette,Business Analytics And Information Management (MS BAIM), Masters ,F19,Accepted,14 Feb 2019 ,,,,,,I,22 Feb 2019,Interviewed 3 weeks before
Georgia Institute Of Technology (GaTech),Analytics (Business Analytics Track), Masters ,F19,Accepted,21 Feb 2019 ,3.40,157,170,4.50,n/a,I,21 Feb 2019,
Massachusetts Institute Of Technology (MIT),Masters Of Business Analytics, Masters ,F19,Interview,31 Jan 2019 ,,,,,,A,19 Feb 2019,"I received an interview invite over email on the 31st, interviewed last week. I believe it went alright, but it is a very selective program so who knows? Happy to have made it this far."
University Of Southern California,Business Analytics, Masters ,F19,Rejected,16 Feb 2019 ,,,,,,I,16 Feb 2019,
University Of Texas At Dallas,MS In Business Analytics, Masters ,F19,Accepted,8 Feb 2019 ,3.70,144,169,3.00,n/a,I,15 Feb 2019,
Duke University Fuqua School Of Business,Business Analytics, Masters ,F19,Interview,14 Feb 2019 ,3.06,0,162,0.00,n/a,I,15 Feb 2019,Invited for interview for Masters in Quantitative Management: Business Analytics
George Washington University,Business Analytics, Masters ,F19,Accepted,14 Feb 2019 ,,,,,,U,15 Feb 2019,
Duke University Fuqua School Of Business,MQM: Business Analytics, Masters ,F19,Interview,15 Feb 2019 ,,,,,,I,14 Feb 2019,Finally received an invitation.
Duke University,MQM: Business Analytics, Masters ,F19,Interview,14 Feb 2019 ,,,,,,U,14 Feb 2019,invite via email
University Of Rochester Simon,Business Analytics, Masters ,F19,Accepted,13 Feb 2019 ,,,,,,I,14 Feb 2019,
Temple University,Business Analytics, Masters ,F19,Accepted,12 Feb 2019 ,,,,,,U,12 Feb 2019,
Drexel University,Business Analytics, Masters ,F19,Accepted,8 Feb 2019 ,,,,,,U,12 Feb 2019,
MIT Sloan School Of Management,Business Analytics, Masters ,F19,Other,12 Feb 2019 ,,,,,,,12 Feb 2019,Do they send interview invites at once?
University Of California Los Angeles,Business Analytics, Masters ,F18,Accepted,9 Feb 2019 ,3.90,157,164,4.50,n/a,I,12 Feb 2019,
University Of Texas At Dallas,Business Analytics, Masters ,F19,Accepted,11 Feb 2019 ,,,,,,I,11 Feb 2019,Got admit to both MSCS and MSBA. waiting for scholarship
UCLA Anderson,Business Analytics, Masters ,F19,Accepted,9 Feb 2019 ,,,,,,,10 Feb 2019,
University Of Minnesota,Business Analytics, Masters ,F19,Accepted,7 Feb 2019 ,,,,,,,10 Feb 2019,
Rensselaer Polytechnic Institute,Business Analytics, Masters ,F19,Accepted,30 Jan 2019 ,,,,,,I,10 Feb 2019,
Stevens Institute Of Technology,Business Analytics, MBA ,F19,Accepted,1 Feb 2019 ,3.43,150,158,4.00,n/a,I,10 Feb 2019,"Have been granted an assistantship of $17,500. Probably gonna decline as it only covers a half of tuition fee."
Case Western Reserve University,Business Analytics, Masters ,F19,Interview,8 Feb 2019 ,3.54,158,156,4.50,n/a,A,9 Feb 2019,"After phone interview, invited to weekend at CWRU to check out program"
Massachusetts Institute Of Technology (MIT),Business Analytics, Masters ,F19,Other,8 Feb 2019 ,,,,,,,8 Feb 2019,Hey! Did anyone receive an interview call from MIT yet?
"University Of California, Irvine",Business Analytics, Masters ,F19,Accepted,8 Feb 2019 ,,,,,,U,8 Feb 2019,Interviewed on 1/31. Received an acceptance email after a week. $5000 Scholarship
Carnege Mellon University (CMU),"Information Systems Management (MISM) - Business Intelligence And Data Analytics (BIDA), Masters (F1", Masters ,F19,Accepted,7 Feb 2019 ,,,,,,I,6 Feb 2019,with 2-year work experience
University Of Texas At Austin,Business Analytics, Masters ,S19,Accepted,29 Jan 2019 ,,,,,,I,4 Feb 2019,Had a phoine interview the day before. Got the notice via e-mail to check the website.
Stevens Institute Of Technology,Business Intelligence And Analytics, Masters ,F19,Accepted,2 Feb 2019 ,3.86,147,170,3.00,n/a,I,3 Feb 2019,
University Of Texas At Austin,Business Analytics, Masters ,S19,Rejected,31 Jan 2019 ,n/a,156,150,3.50,n/a,I,1 Feb 2019,"It was my first choice. I knew I had really weak GRE, but I had really good recommendations from a renowned professor and a top executive who is working at a Tech Giant at Austin. And I tried really hard in my personal statement. It was not enough."
ESSEC Business School,Operations And Data Analytics, PhD ,F19,Accepted,31 Jan 2019 ,3.20,41,50,5.00,n/a,I,1 Feb 2019,No interview. Straight acceptance. Surprised!
Rotterdam School Of Management,Business Analytics, PhD ,F19,Other,31 Jan 2019 ,,,,,,I,31 Jan 2019,I received an email indicating that I have passed the first round of selection and for the next round I will be given a paper to review.
MIT Sloan School Of Management,Business Analytics, Masters ,F19,Interview,31 Jan 2019 ,3.96,160,170,3.50,n/a,U,31 Jan 2019,Interview can be scheduled between Feb4th to 15th. Hope everything can go well.
University Of Cincinnati,Business Analytics, Masters ,F19,Rejected,24 Jan 2019 ,,,,,,I,31 Jan 2019,
NC State University (NCSU),Business Analytics, Masters ,S20,Interview,2 Jan 2019 ,,,,,,U,29 Jan 2019,
MIT Sloan School Of Management,Master In Business Analytics, Masters ,F19,Other,28 Jan 2019 ,,,,,,U,28 Jan 2019,Yeah same question. Any one got invite for interview?
MIT Sloan School Of Management,Business Analytics, Masters ,F19,Other,24 Jan 2019 ,,,,,,A,24 Jan 2019,Has anyone received an interview invite for the Business Analytics program at MIT Sloan (MBAn)?
Purdue University - West Lafayette,MS Business Analytics (MS BAIM), Masters ,F19,Accepted,15 Jan 2019 ,n/a,158,168,3.00,n/a,I,16 Jan 2019,
Imperial College London,Business Analytics, Masters ,F19,Accepted,11 Jan 2019 ,,,,,,U,11 Jan 2019,
Purdue University - West Lafayette,Business Analytics, Masters ,F19,Rejected,8 Jan 2019 ,3.25,147,170,4.00,n/a,U,10 Jan 2019,
University Of Cincinnati,Business Analytics, Masters ,F19,Accepted,14 Dec 2018 ,3.25,147,170,4.00,n/a,U,10 Jan 2019,
University Of Texas At Dallas,Business Analytics, Masters ,F19,Accepted,3 Dec 2018 ,,,,,,I,11 Dec 2018,
"Anderson School Of Management, UCLA",Business Analytics, Masters ,F18,Rejected,14 May 2018 ,3.80,156,169,4.50,n/a,I,19 Aug 2018,Reject :(
University Of Minnesota Twin Cities (Carlson),Business Analytics (MSBA), Masters ,F18,Rejected,12 Apr 2018 ,n/a,163,166,3.00,n/a,I,12 Apr 2018,CGPA 7.78 on a scale of 10 from a tier 2 university of India. Was interviewed but didn't receive an admit.
University Of Southern California Marshall School Of Business (USC),Business Analytics (MSBA), Masters ,F18,Wait listed,12 Apr 2018 ,3.63,163,166,3.00,n/a,I,12 Apr 2018,CGPA 7.78 on a scale of 10 from a tier 2 university of India. Applied on 1st Feb
University Of British Columbia (UBC Vancouver),Business Analytics, Masters ,F18,Rejected,7 Apr 2018 ,3.80,159,169,4.00,n/a,I,12 Apr 2018,Reject without any interview invite.
University Of Colorado Boulder - Leeds School Of Business,Business Analytics, Masters ,F18,Accepted,11 Apr 2018 ,,,,,,U,11 Apr 2018,A little bit of merit scholarship. I applied late (round 4) so little hope for much financial aid anyway
Columbia Univerisity,Business Analytics, Masters ,F18,Other,9 Apr 2018 ,,,,,,,9 Apr 2018,Still has not received an answer from the university. Anyone got news?
Columbia University (FFSEAS),Business Analytics, Masters ,F18,Accepted,4 Apr 2018 ,,,,,,,4 Apr 2018,Applied 1/15. Interviewed 3/28.
Columbia University (FFSEAS),Business Analytics, Masters ,F18,Other,2 Apr 2018 ,,,,,,O,2 Apr 2018,Anyone know when  Columbia MSBA will post results? Had an interview last week but no status update yet
The University Of Iowa (Tippie),Business Analytics, Masters ,F18,Accepted,21 Mar 2018 ,,,,,,U,30 Mar 2018,"gpa:3.29, GMAT:660"
Columbia University (FFSEAS),Business Analytics, Masters ,F18,Other,29 Mar 2018 ,,,,,,A,29 Mar 2018,"For those asking about interviews, I had an automated one back in late February. Never heard back, but I withdrew my application last week for another school."
"The University Of Southern California, Marshall School Of Business",Business Analytics, Masters ,F18,Wait listed,29 Mar 2018 ,3.63,163,166,3.00,n/a,I,29 Mar 2018,"7.78 CGPA Industrial Engineering, 30 months work ex IT, 110 TOEFL, no papers"
Columbia University,Business Analytics, Masters ,F18,Other,29 Mar 2018 ,,,,,,I,29 Mar 2018,"I emailed the admission office,  I haven't heard back. Anyone had an interview?"
Columbia University (FFSEAS),Business Analytics, Masters ,F18,Interview,28 Mar 2018 ,,,,,,,28 Mar 2018,24hrs to complete online interview (Applied Jan 15th)
University Of Texas At Austin (UT Austin),Business Analytics, Masters ,F18,Wait listed,26 Mar 2018 ,3.72,164,165,5.00,n/a,A,27 Mar 2018,
Columbia University (Fu Foundation School Of Engineering),Business Analytics, Masters ,F18,Other,26 Mar 2018 ,,,,,,,26 Mar 2018,anyone hear from this program? or know when decisions come out?
"Carnegie  Mellon University (CMU), Heinz College",Information Systems Management (MISM) - Business Intelligence And Data Analytics (BIDA), Masters ,F18,Accepted,24 Mar 2018 ,3.96,157,170,3.50,n/a,I,26 Mar 2018,"2 years working experience in analytics

receive 40% scholarship

16 months"
University Of Texas At Austin (UT Austin),Business Analytics, Masters ,F18,Other,25 Mar 2018 ,,,,,,O,25 Mar 2018,does anyone know if ut austin gives scholarship for MSBA?
University Of Texas At Austin (UT Austin),Business Analytics, Masters ,F18,Accepted,23 Mar 2018 ,,,,,,O,25 Mar 2018,shared this result under program name which had spelling error so sharing again. I received the email to check decision on portal. official letter will be shared later. I've got two weeks time to accept the offer.
Columbia University (FFSEAS),Business Analytics, Masters ,F18,Other,22 Mar 2018 ,,,,,,,22 Mar 2018,Someone posted an acceptance on 3/21.......anyone else hear back?
"Carnegie  Mellon University (CMU), Heinz College",Information Systems Management (MISM) - Business Intelligence And Data Analytics (BIDA), Masters ,F18,Other,22 Mar 2018 ,,,,,,O,22 Mar 2018,Has anyone been invited to the welcomming weekend?
Columbia University,Business Analytics, Masters ,F18,Accepted,19 Mar 2018 ,,,,,,I,21 Mar 2018,
University Of Texas At Austin,Business Analytics, Masters ,F18,Accepted,18 Dec 2017 ,4.00,165,166,5.00,n/a,I,20 Mar 2018,
University Of Tennessee Knoxville,Business Analytics, PhD ,F18,Rejected,19 Mar 2018 ,,,,,,,19 Mar 2018,
University Of Minnesota - Twin Cities (UMN),Business Analytics, Masters ,S18,Accepted,15 Mar 2018 ,,,,,,I,17 Mar 2018,"I am so happy to be admitted into this competitive program. In addition, I also got about a 25% scholarship off the tuition fee. I am definitely attending UMN even though I also got admission into another institution in the North East (with even a much higher scholarship) with a good reputation, however, the institution is not as highly ranked as UMN and the program is relatively new. I have a graduate degree in quant finance with about 10 years banking and finance industry experience."
Erasmus Research Institute Of Management(ERIM)-Erasmus University Rotterdam,Business Analytics And Information Management, PhD ,F18,Rejected,14 Mar 2018 ,3.62,149,170,4.00,n/a,I,14 Mar 2018,Standard regret e-mail with lots of regret in it.
Hofstra  University,Business Analytics, Masters ,F18,Accepted,14 Mar 2018 ,,,,,,U,14 Mar 2018,"Unofficial email first a few days earlier, then Official Letter of Acceptance today."
"Carnegie  Mellon University (CMU), Heinz College",Information Systems Management (MISM) - Business Intelligence And Data Analytics (BIDA), Masters ,F18,Accepted,1 Mar 2018 ,3.10,163,170,4.00,n/a,U,13 Mar 2018,2 years of working experience
Georgia  Institute Of Technology (Gatech Georgia Tech),Master Of Science In Business Analytics (MSBA), Masters ,F18,Wait listed,9 Mar 2018 ,,,,,,I,9 Mar 2018,
Massachusett Institute Of Technology (MIT) Sloan,Business Analytics, Masters ,F18,Rejected,8 Mar 2018 ,,,,,,U,8 Mar 2018,Asked to check portal page. Congrats to everyone accepted!
MIT Sloan,Business Analytics, Masters ,F18,Rejected,8 Mar 2018 ,3.90,161,166,5.00,n/a,A,8 Mar 2018,Interviewed but didn't get in. Disappointed because it was my top choice by far. Will probably go to NYU. 3a/2r/1p
Massechusettes Institute Of Technology (MIT),Master Of Business Analytics, Masters ,F18,Accepted,8 Mar 2018 ,3.70,157,168,3.50,n/a,A,8 Mar 2018,
MIT Sloan,Business Analytics, Masters ,F18,Accepted,8 Mar 2018 ,3.96,168,170,4.50,n/a,I,8 Mar 2018,2a/1r/2p
BI Norwegian Business School,Master Of Science In Business Analytics, Masters ,F18,Other,3 May 2018 ,3.00,157,168,4.00,n/a,I,7 Mar 2018,"Regarding the post below, No scholarship at all, kind of shocked. I will decline the acception"
"Carnegie  Mellon University (CMU), Heinz College",Information Systems Management (MISM) - Business Intelligence And Data Analytics (BIDA), Masters ,F18,Accepted,3 Mar 2018 ,3.63,163,166,3.00,n/a,I,6 Mar 2018,7.78/ 10 CGPA. 30 months of work ex in IT
MIT Sloan,Business Analytics, Masters ,F18,Interview,28 Jan 2018 ,3.96,168,170,4.50,n/a,I,28 Feb 2018,Had interview in Paris on 01/29
Massachusett Institute Of Technology (MIT),Business Analytics, Masters ,F18,Interview,7 Feb 2018 ,,,,,,U,28 Feb 2018,To the post below: interview invitations were sent on 2/7 and today should be the last day for interviews. Decisions are going to be released by 5PM EST 3/8.
MIT,Business Analytics, Masters ,F18,Other,27 Feb 2018 ,,,,,,I,27 Feb 2018,Has anyone hear about their application yet?
UC San Diego (UCSD) Rady,Business Analytics, Masters ,F18,Accepted,26 Jan 2018 ,,,,,,I,27 Feb 2018,
Carnegie Mellon University (CMU) - Tepper School Of Business,Master Of Science In Business Analytics (MSBA), Other ,F18,Accepted,27 Feb 2018 ,3.81,158,166,5.00,n/a,,27 Feb 2018,"email to check website, I submitted two gre scores, the one list above, and 161v/165q/5w. The interview went great. I went to a midwest school in the us ranked around 200th. I did research at CMU for REU in the Math department, I assume my LOR are decent. I will likely not go to this program given the cost of it (it's my last program due to to cost, sadly...) The school is wonderful and I love everything about it, but I really wanna get into their economics Ph.D program."
Carnegie Mellon (CMU) Heinz College,Information Systems Management (MISM) - Business Intelligence And Data Analytics (BIDA), Masters ,F18,Accepted,1 Feb 2018 ,,,,,,I,25 Feb 2018,
The University Of Cincinnati,Business Analytics, Masters ,F18,Wait listed,22 Feb 2018 ,3.14,151,170,0.00,n/a,I,22 Feb 2018,Emailed to check update 2 days after virtual interview to find out that I was waitlisted.
University Of Minnesota Twin Cities (Carlson),Business Analytics, Masters ,F18,Accepted,16 Feb 2018 ,3.87,36,49,5.00,n/a,I,21 Feb 2018,Already have Masters in Information Security. 3+ years working experience(slightly relevant to field). 2 international publications. 1 Best Paper Award. Couple of Industry awards.
BI Norwegian Business School,Master Of Science In Business Analytics, Masters ,F18,Accepted,21 Jul 2018 ,3.55,157,168,4.00,n/a,I,21 Feb 2018,Waiting to hear from the scholarship results.
Massachusetts Institute Of Technology ( MIT ),Business Analytics, Masters ,F18,Other,19 Feb 2018 ,,,,,,,19 Feb 2018,"Hi, wondering if anyone has heard about interviews for this program?"
University Of Texas Dallas (UTD),Master Of Science In Business Analytics (MSBA), Masters ,F18,Rejected,16 Feb 2018 ,n/a,142,152,2.50,n/a,I,16 Feb 2018,"Unfortunately, your application for admission has been denied.  If you have questions about your application, please contact the academic department to which you applied."
University Of Pittsburgh (Katz Graduate School Of Business),Business Analytics And Operations, PhD ,F18,Rejected,15 Feb 2018 ,,,,,,I,15 Feb 2018,Director said that I did not cut in the 1st round.
Erasmus Research Institute Of Management(ERIM)-Erasmus University Rotterdam,Business Analytics And Information Management, PhD ,F18,Interview,1 Feb 2018 ,,,,,,I,14 Feb 2018,
Purdue Krannert Business School,Business Analytics And Information Management, Masters ,F18,Accepted,13 Feb 2018 ,3.63,163,166,3.00,n/a,I,13 Feb 2018,7.78 CGPA on a scale of 10. 30 months work ex
University Of Minensota Twin Cities,Master Of Science In Business Analytics (MSBA), Masters ,F18,Accepted,3 Feb 2018 ,,,,,,I,12 Feb 2018,
University Of Maryland (Robert Smith School Of Business),Business Analytics, Masters ,F18,Accepted,7 Feb 2018 ,3.63,163,166,3.00,n/a,I,10 Feb 2018,7.78 CGPA on a scale of 10. 30 months of work experience.
University Of Cincinnati (Lindner School Of Business),Business Analytics, Masters ,F18,Accepted,9 Feb 2018 ,3.63,163,166,3.00,n/a,I,10 Feb 2018,7.78 CGPA on a scale of 10. 30 months of work experience.
University Of Cincinnati (Lindner School Of Business),Master Of Science In Business Analytics, Masters ,F18,Interview,2 Feb 2018 ,3.63,163,166,3.00,n/a,I,5 Feb 2018,
Purdue - Krannert School Of Management,Business Analytics And Information Management, Masters ,F18,Interview,1 Feb 2018 ,3.63,163,166,3.00,n/a,I,5 Feb 2018,
University Of Cincinnati,"Operations, Business Analytics & Information Systems", PhD ,F18,Interview,29 Jan 2018 ,,,,,,I,29 Jan 2018,So glad to get this offer:) received an email from the professor of my interest.
ैEmory University,Business Analytics, Masters ,F18,Accepted,12 Jan 2018 ,,,,,,I,24 Jan 2018,Received unofficial offer on Jan 12.
Purdue University West Lafatette,Business Analytics, Masters ,F18,Accepted,12 Dec 2017 ,,,,,,U,20 Dec 2017,Got interviewed and then received my acceptance 3 days later.
The University Of British Columbia (UBC) - Sauder School Of Business,Business Analytics, Masters ,F17,Rejected,23 May 2017 ,4.00,158,169,4.50,n/a,I,23 Aug 2017,I really hoped to get admit to this program given my good profile. Disappointed :( Feels bad when rejected after the interview. I thought I did well in the interview.
The University Of British Columbia (UBC) - Sauder School Of Business,Business Analytics, Masters ,F17,Accepted,20 Jun 2017 ,4.00,165,163,3.50,n/a,I,27 Jul 2017,
Michigan State  University (MSU),Business Analytics, Masters ,S18,Interview,14 Jul 2017 ,3.32,158,160,4.00,n/a,I,15 Jul 2017,"Applied on June 27, 2017"
UC San Diego (UCSD),Business Analytics, Masters ,F17,Rejected,24 May 2017 ,,,,,,I,24 May 2017,
"UCSD (University Of California, San Diego)",Business Analytics, Masters ,F17,Rejected,24 May 2017 ,3.50,152,170,3.00,n/a,U,24 May 2017,
Paul Merage - UC Irvine,Business Analytics, Masters ,F17,Rejected,13 May 2017 ,,,,,,I,15 May 2017,
UC Davis,Master Of Science In Business Analytics (MSBA), Masters ,F17,Accepted,19 Apr 2017 ,,,,,,I,8 May 2017,
Cal State East Bay,Master Of Science In Business Analytics (MSBA), Masters ,F17,Accepted,2 May 2017 ,3.40,157,152,0.00,n/a,A,6 May 2017,Didn't get an email or letter. Logged in and found out my status.
UBC,Business Analytics, Masters ,F17,Interview,28 Apr 2017 ,,,,,,,30 Apr 2017,
University Of Texas Dallas (UTD),Business Analytics, Masters ,F17,Accepted,18 Dec 2016 ,3.00,154,167,3.50,n/a,I,18 Apr 2017,
University Of Minnesota Twin Cities (Carlson),Master Of Science In Business Analytics (MSBA), Masters ,S17,Accepted,17 Apr 2017 ,3.00,155,163,4.00,n/a,I,18 Apr 2017,
ีUniversity Of Maryland,Master Of Science In Business Analytics, Masters ,F17,Other,15 Apr 2017 ,,,,,,I,15 Apr 2017,Decision should be rolled today...anyone heard anything?
Carnagie Mellon University (CMU),Information Systems Management (MISM) - Business Intelligence And Data Analytics (BIDA), Masters ,F17,Other,14 Apr 2017 ,,,,,,O,14 Apr 2017,"To the poster below.



I went to admitted student day and they told us that they had more applications than expected and are still finishing up reviewing applications. This was back in April 1.



Good luck"
"Carnegie  Mellon University (CMU), Heinz College",Information Systems Management (MISM) - Business Intelligence And Data Analytics (BIDA), Masters ,F17,Other,13 Apr 2017 ,,,,,,U,13 Apr 2017,"To the poster below, there are quite a lot of people still waiting for the decision. I received an email from them a week ago that said my application was currently under review and that I should receive a response soon. I believe the people who already got offers have until April 15 to make their decision so we might hear after that."
Temple University,Business Analytics, Masters ,F17,Accepted,13 Apr 2017 ,,,,,,I,13 Apr 2017,
The University Of British Columbia (UBC) - Sauder School Of Business,Business Analytics, Masters ,F17,Rejected,12 Apr 2017 ,,,,,,I,12 Apr 2017,Not surprised as I had't invited to an interview.
University Of Texas At Dallas,Business Analytics, Masters ,F17,Accepted,8 Apr 2017 ,,,,,,I,8 Apr 2017,"Accepted,the decision was quick(around 3 weeks)"
The University Of British Columbia (UBC) - Sauder School Of Business,Business Analytics, Masters ,F17,Other,6 Apr 2017 ,,,,,,I,6 Apr 2017,Has anyone received admisson/rejection/or interview invitation? I applied in 1st round in Febuary. The 2nd round deadline has just passed and I still haven't got any news from the school.
University Of Southern California,Business Analytics, Masters ,F17,Other,4 Apr 2017 ,,,,,,A,4 Apr 2017,Is this program still accepting students? Anyone got their offers?
York University Schulich School Of Business,Business Analytics, Masters ,F17,Rejected,31 Mar 2017 ,,,,,,I,31 Mar 2017,
University Of Connecticut (UConn),Business Analytics And Project Management, Masters ,F17,Rejected,4 Feb 2017 ,,,,,,I,29 Mar 2017,Was my safe school. Weird that I got rejected given the fact that I got into much better schools with a scholarship. Is it possible that they reject students who they think won't join them anyway?
Drexel University (Lebow College Of Business),Business Analytics, Masters ,F17,Accepted,16 Feb 2017 ,,,,,,I,29 Mar 2017,"Scholarship worth $15,075. Accepted the offer."
(Arizona State University) ASU Tempe,Business Analytics, Masters ,F17,Accepted,28 Mar 2017 ,3.20,152,166,4.00,n/a,I,28 Mar 2017,
The University Of Cincinnati,Business Analytics, Masters ,F17,Accepted,15 Mar 2017 ,3.00,163,167,4.00,n/a,I,28 Mar 2017,
Drexel (LeBow),Business Analytics, Masters ,F17,Accepted,26 Mar 2017 ,,,,,,I,26 Mar 2017,"accepted,will probably decline"
"Carnegie  Mellon University (CMU), Heinz College",Information Systems Management (MISM) - Business Intelligence And Data Analytics (BIDA), Masters ,F17,Accepted,24 Mar 2017 ,3.40,164,163,4.00,n/a,U,24 Mar 2017,I received the decision today after posting the question about video yesterday. 40% scholarship. I look forward to seeing everyone at the admitted students weekend!
UCL (University College London),Business Analytics (Computer Science), Masters ,F17,Accepted,21 Mar 2017 ,,,,,,I,24 Mar 2017,
Purdue University West Lafayett,Business Analytics And Information Management, Masters ,F17,Accepted,22 Mar 2017 ,,,,,,I,23 Mar 2017,Happy. Lets connect on fb or linkedin
"Carnegie  Mellon University (CMU), Heinz College",Information Systems Management (MISM) - Business Intelligence And Data Analytics (BIDA), Masters ,F17,Other,22 Mar 2017 ,,,,,,U,22 Mar 2017,Has anybody else heard back from the program? I called them last week and they said they haven't got to my application yet. They viewed my video on the same day that I called them tho. Do you guys know how long it takes from viewing the video to the admission decision?
Fordham University,Business Analytics, Masters ,F17,Accepted,16 Mar 2017 ,3.24,170,170,5.50,n/a,I,20 Mar 2017,
ีUniversity Of Maryland - College Park,Business Analytics, Masters ,F17,Accepted,5 Jan 2017 ,3.24,170,170,5.50,n/a,I,20 Mar 2017,"Waitlisted on 15th December, 2016. Converted to admit on 5th January."
ีUniversity Of Maryland - College Park (UMD),Business Analytics, Masters ,F17,Accepted,9 Mar 2017 ,,,,,,I,16 Mar 2017,
Carnegie Mellon (Heinz College),Information Systems Management (MISM) - Business Intelligence And Data Analytics (BIDA), Masters ,F17,Accepted,28 Feb 2017 ,3.75,157,162,4.50,n/a,,15 Mar 2017,50% tuition
Massachusett Institute Of Technology (MIT) Sloan,Business Analytics, Masters ,F17,Accepted,9 Mar 2017 ,3.63,160,167,4.50,n/a,A,12 Mar 2017,
Massachusett Institute Of Technology (MIT) Sloan,Sloan Business Analytics, Masters ,F17,Accepted,9 Mar 2017 ,,,,,,I,10 Mar 2017,
Massachusetts Institute Of Technology (MIT),Sloan Business Analytics, Masters ,F17,Rejected,9 Mar 2017 ,,,,,,U,9 Mar 2017,Never got an interview so I knew i would get rejected.....really competitive this year (40 out of 1000)
Massachusetts Institute Of Technology (MIT) Sloan School Of Management,Business Analytics, Masters ,F17,Rejected,9 Mar 2017 ,,,,,,A,9 Mar 2017,"Found a templated rejection letter on the portal site. No interview. 4% acceptance rate. Congrats to all who were accepted, and good luck!"
Massachusett Institute Of Technology (MIT) Sloan,Business Analytics, Masters ,F17,Rejected,9 Mar 2017 ,3.68,160,167,4.00,n/a,I,9 Mar 2017,Interviewed but didn't get in. It was odd that I was selected for interview in the first place...
MIT (Massachusetts Institute Of Technology) Sloan School Of Management,Business Analytics, Masters ,F17,Accepted,9 Mar 2017 ,3.91,158,170,4.00,n/a,I,9 Mar 2017,"My interviewer just called! Very excited, can't wait!"
MIT Sloan,Business Analytics, Masters ,F17,Accepted,9 Mar 2017 ,n/a,164,168,4.00,n/a,I,9 Mar 2017,
MIT,Business Analytics, Masters ,F17,Other,9 Mar 2017 ,,,,,,I,9 Mar 2017,"Well, I never got a message, but you would know the result if you did not get the interview in advance...."
MIT Sloan (Massachusetts Institute Of Technology),Business Analytics, Masters ,F17,Other,9 Mar 2017 ,,,,,,O,9 Mar 2017,"To the student who received a reject from MIT Sloan for MSBA(Business Analytics) program , Did u receive a reject letter or on the portal?"
Santa Clara University,Master Of Science In Business Analytics (MSBA), Masters ,F17,Accepted,6 Mar 2017 ,3.00,152,163,4.00,n/a,I,7 Mar 2017,
Syracuse University (Whitman School Of Management),Business Analytics, Masters ,F17,Accepted,4 Mar 2017 ,n/a,159,167,4.00,n/a,I,7 Mar 2017,
CSU East Bay,Business Analytics, Masters ,F17,Accepted,30 Jan 2017 ,,,,,,A,6 Mar 2017,"If your GPA is low, you'll need a good GRE to make it up.  Fortunately, both of mine were good."
U Cincinnati,Business Analytics, Masters ,F17,Accepted,22 Feb 2017 ,3.30,162,168,4.00,n/a,I,26 Feb 2017,
UCL (University College London),Business Analytics (Computer Science), Masters ,F17,Rejected,24 Feb 2017 ,,,,,,,24 Feb 2017,Three weeks after completed application. Good luck to everyone else
"Simon Business School, University Of Rochester",Business Analytics, Masters ,F17,Accepted,23 Feb 2017 ,3.82,167,149,3.50,n/a,I,23 Feb 2017,
Stevens Institude Of Technology,Business Intelligence And Analytics, Masters ,F17,Accepted,18 Jan 2017 ,3.82,167,149,3.50,n/a,I,23 Feb 2017,
Connecticut (UConn),Business Analytics And Project Management BAPM, Masters ,F16,Accepted,21 Feb 2017 ,3.10,158,154,4.50,n/a,A,21 Feb 2017,Received the acceptance today. I have until 3/14 to accept. Very excited.
University Of Texas At Austin,Business Analytics, Masters ,F17,Accepted,15 Feb 2017 ,3.80,158,170,4.50,n/a,I,19 Feb 2017,"No work experience or internships in relevant field.

Excellent SOP and LORs

Versatile Extracurriculars"
"California State University, East Bay",Master Of Science In Business Analytics, Masters ,F17,Accepted,13 Feb 2017 ,,,,,,I,17 Feb 2017,will be highly accepted if you have a competitive GMAT score.
University Of Minnesota Twin Cities (Carlson),Master Of Science In Business Analytics (MSBA), Masters ,S17,Accepted,9 Feb 2017 ,,,,,,A,16 Feb 2017,
University Of Texas At Austin,Business Analytics, Masters ,F17,Wait listed,15 Feb 2017 ,3.70,161,162,3.50,n/a,I,16 Feb 2017,Interviewed on Jan 18th. Got a mail with a link to the portal.Fresher with no work ex.
University Of Texas At Austin,Business Analytics, Masters ,F17,Rejected,15 Feb 2017 ,n/a,155,167,4.00,n/a,I,16 Feb 2017,
UConn / University Of Connecticut,Business Analytics And Project Management, Masters ,F17,Accepted,22 Dec 2016 ,,,,,,U,16 Feb 2017,ADJUST:THE DATE OF NOTIFICATION IS 12/22/2016
The University Of Connecticut,Business Analytics And Project Management, Masters ,F17,Accepted,22 Dec 2017 ,,,,,,U,16 Feb 2017,"Got the AD in one week after the application was completed.

So excited!

GMAT:610"
The University Of Texas At Austin (McCombs),Master Of Science In Business Analytics (MSBA), Masters ,F17,Accepted,15 Feb 2017 ,,,,,,A,15 Feb 2017,
Georgia  Institute Of Technology (Gatech Georgia Tech),Business Analytics, Masters ,F17,Wait listed,14 Feb 2017 ,n/a,169,165,4.00,n/a,I,14 Feb 2017,Praying for an admit. Had chosen only the BA track.
U Cincinnati,Business Analytics, Masters ,F17,Accepted,14 Feb 2017 ,n/a,169,165,4.00,n/a,I,14 Feb 2017,Interviewed on 9th Feb. Got a scholarship as well. Excited
MIT Sloan School Of Management,Business Analytics, Masters ,F17,Interview,8 Feb 2017 ,,,,,,I,14 Feb 2017,
Univercity Of Cincinnati,Business Analytics, Masters ,F17,Interview,8 Feb 2017 ,n/a,169,165,4.00,n/a,I,13 Feb 2017,Gave the interview. Was good not great. Hopefully I will make it. Its close to the top of my list.
Oklahoma State University (OKState),Business Analytics, Masters ,F17,Accepted,9 Feb 2017 ,3.80,169,165,4.00,n/a,I,13 Feb 2017,
MIT Sloan,Business Analytics, Masters ,F17,Interview,8 Feb 2017 ,,,,,,I,12 Feb 2017,Excited !
Massachusetts Institute Of Technology (MIT) Sloan School Of Management,Business Analytics, Masters ,F17,Interview,2 Aug 2017 ,,,,,,I,10 Feb 2017,Interviewed. Excited !
University Of Texas At Austin,Business Analytics, Masters ,F17,Interview,31 Jan 2017 ,,,,,,U,31 Jan 2017,Applied for Round 2. Just completed the interview.
Wake Forest University (WFU),Business Analytics, Masters ,F17,Accepted,26 Jan 2017 ,3.90,156,155,4.00,n/a,A,26 Jan 2017,"$15,000 scholarship"
University Of Minnesota Twin Cities (Carlson),Master Of Science In Business Analytics (MSBA), Masters ,S17,Interview,23 Jan 2017 ,,,,,,A,24 Jan 2017,
University Of Minnesota - Twin Cities (UMN),Business Analytics, Masters ,S17,Accepted,5 Jan 2017 ,4.00,157,167,4.00,n/a,I,17 Jan 2017,
Manchester Business School,Business Analytics: Operational Research, Masters ,F17,Accepted,3 Jan 2017 ,,,,,,I,6 Jan 2017,the admission officer responded to my application very promptly. The offer letter came not long after I sent my new ielts score.
(Arizona State University) ASU,Master Of Science In Business Analytics, Masters ,F17,Accepted,3 Dec 2016 ,3.67,157,161,4.00,n/a,I,26 Dec 2016,Was a safe one for me and was expecting this. Will wait for a few more universities before i make a decision
Bentley University,Business Analytics, Masters ,F17,Accepted,15 Dec 2016 ,,,,,,I,19 Dec 2016,"Offered graduate assistantship for a tuition waiver of $16,900"
Southern Methodist University (SMU),Master Of Science In Business Analytics, Masters ,F17,Accepted,17 Dec 2016 ,,,,,,I,17 Dec 2016,
Drexel (LeBow),Business Analytics, Masters ,F17,Accepted,11 Nov 2016 ,,,,,,I,15 Nov 2016,"Offered Alumni Merit Scholarship in the amount of $25,200."
"Arizona State University, W.P. Carey School Of Business",Business Analytics, Masters ,F17,Accepted,11 Oct 2016 ,n/a,155,159,3.50,n/a,I,18 Oct 2016,
University Of Connecticut ( UConn),Business Analytics And Project Management, Masters ,F17,Accepted,18 Oct 2016 ,n/a,155,159,3.50,n/a,I,18 Oct 2016,UG marks - 67/100
UConn / University Of Connecticut,Business Analytics And Project Management, Masters ,S17,Accepted,21 Sep 2016 ,3.20,165,153,3.00,n/a,U,21 Sep 2016,"After the school gets all the official files, and within one week, the school gives me the admission offer :)"
Massachusetts Instititute Of Technology (MIT),Business Analytics, Masters ,F16,Rejected,16 May 2016 ,3.70,170,170,0.00,n/a,A,16 May 2016,
MIT Sloan (Massachusetts Institute Of Technology),Business Analytics, Masters ,F16,Rejected,16 May 2016 ,,,,,,A,16 May 2016,
MIT,Business Analytics, Masters ,F16,Other,10 May 2016 ,,,,,,U,10 May 2016,Does anyone receive an interview invite from Sloan yet? Results out next Monday...
Georgia  Institute Of Technology (Gatech Georgia Tech),Business Analytics, Masters ,F16,Rejected,29 Apr 2016 ,3.00,157,168,3.50,n/a,I,30 Apr 2016,
Mit,Business Analytics, Masters ,F16,Other,29 Apr 2016 ,,,,,,,29 Apr 2016,is anybody here get a interview request for master of business analytics from sloan
The University Of Connecticut,Business Analytics And Project Management, Masters ,F16,Accepted,21 Apr 2016 ,3.00,152,160,0.00,n/a,I,21 Apr 2016,I was accepted and excited to attend
"The University Of Southern California, Marshall School Of Business",Business Analytics, Masters ,F16,Accepted,1 Apr 2016 ,3.60,150,168,3.50,n/a,I,19 Apr 2016,
"University Of California San Diego, UCSD",Business Analytics, Masters ,S16,Accepted,31 Mar 2016 ,,,,,,I,17 Apr 2016,Accepted after an interview.
Purdue University West Lafayett,Business Analytics And Information Management, Masters ,F16,Accepted,7 Apr 2016 ,,,,,,U,8 Apr 2016,there was an interview
The University Of North Carolina At Charlotte (UNCC),Data Science And Business Analytics, Masters ,F16,Accepted,19 Feb 2016 ,3.00,170,153,3.50,n/a,I,8 Apr 2016,I am from a non-core background
University Of Tennessee,Business Analytics, Masters ,F16,Accepted,7 Apr 2016 ,,,,,,A,7 Apr 2016,
Renssalear Polytechnic Institute (RPI),Business Analytics, Masters ,F16,Accepted,2 Apr 2016 ,,,,,,I,5 Apr 2016,
MIT,Business Analytics, Masters ,F16,Accepted,17 Mar 2016 ,,,,,,I,31 Mar 2016,
MIT,Business Analytics, Masters ,F16,Accepted,17 Mar 2016 ,,,,,,I,30 Mar 2016,
"The University Of Minnesota, Twin Cities (UMN)",Business Analytics, Masters ,F16,Accepted,26 Mar 2016 ,,,,,,I,26 Mar 2016,"With analytics working experience in Citibank and Swire Group, and quantitative research analyst in an advanced institute for social sciences. I am so happy to get the offer!"
Carnegie Mellon (CMU) Heinz College,Information Systems Management (MISM) - Business Intelligence And Data Analytics (BIDA), Masters ,F16,Rejected,26 Mar 2016 ,3.56,152,167,3.50,n/a,,26 Mar 2016,"Had experience in big fours analytics team and several BI internships, it was my dream school, but got rejected, :( sad day"
CMU Heinz,Information Systems Management (MISM) - Business Intelligence And Data Analytics (BIDA), Masters ,F16,Accepted,24 Mar 2016 ,3.60,149,170,3.50,n/a,I,24 Mar 2016,
Carnegie Mellon Heinz (CMU),Information Systems Management (MISM) - Business Intelligence And Data Analytics (BIDA), Masters ,F16,Accepted,22 Mar 2016 ,,,,,,U,22 Mar 2016,
University Of Pittsburgh - Katz Graduate School Of Business,Business Analytics And Operations, PhD ,F16,Interview,22 Mar 2016 ,,,,,,U,22 Mar 2016,To the accepted poster below: Did you receive a notification other than postal service? Did you receive just a mail? Is there any notification on application system? Do you plan to accept the offer?
University Of Pittsburgh - Katz Graduate School Of Business,Business Analytics And Operations, PhD ,F16,Accepted,22 Mar 2016 ,,,,,,I,22 Mar 2016,
Carnegie  Mellon University (CMU),Information Systems Management (MISM) - Business Intelligence And Data Analytics (BIDA), Masters ,F16,Accepted,15 Mar 2016 ,3.55,157,170,4.50,n/a,I,20 Mar 2016,Bachelor in Business Administration with minor in Computer Science. No work experience except 6 months of internship. 30% merit-based scholarship.
Stevens Institute Of Technology,Masters In Business Intelligence And Analytics, Masters ,F16,Accepted,7 Mar 2016 ,,,,,,I,17 Mar 2016,Anybody joining the same program in fall 2016.
University Of Pittsburgh (Katz Business School),Business Analytics And Operations, PhD ,F16,Interview,9 Mar 2016 ,,,,,,I,16 Mar 2016,Anybody receive result? Normally when will they send out offers?
Rochester,Business Analytics, Masters ,F16,Other,15 Mar 2016 ,,,,,,O,15 Mar 2016,"Hi, has anyone got some news about round 3 admission? like an interview?"
?University Of Southern California (USC),Master Of Science In Business Analytics, Masters ,F16,Other,14 Mar 2016 ,,,,,,U,14 Mar 2016,Has everyone admitted supposed to have a Skype interview prior to??
ีUniversity Of Southern California (USC),Business Analytics, Masters ,F16,Accepted,11 Mar 2016 ,,,,,,I,14 Mar 2016,Very happy to hear back; I was told earlier it takes 2 months on average for them to make a decision.
Carnegie Mellon University (CMU) - Heinz College,Information Systems Management (MISM) - Business Intelligence And Data Analytics (BIDA), Masters ,F16,Accepted,11 Mar 2016 ,3.45,160,170,0.00,n/a,I,13 Mar 2016,"Engineering (non-CS) undergrad, 1.6 years work ex in data analytics"
(Arizona State University) ASU,Master Of Science In Business Analytics, Masters ,F16,Accepted,12 Mar 2016 ,,,,,,I,12 Mar 2016,"Accepted - ASU, GW

Rejected - Connecticut"
Carnegie  Mellon University (CMU),Information Systems Management (MISM) - Business Intelligence And Data Analytics (BIDA), Masters ,F16,Accepted,11 Mar 2016 ,3.92,164,164,4.00,n/a,U,11 Mar 2016,"3 years work experience, got a hefty scholarship!"
(Arizona State University) ASU,Business Analytics, Masters ,F16,Accepted,8 Mar 2016 ,,,,,,I,8 Mar 2016,
Queens University (Smith School Of Business),Management Analytics, Masters ,S16,Other,7 Mar 2016 ,,,,,,I,7 Mar 2016,"Anyone applied to Queen's Master of Management Analytics? June 2016 intake.   The school has been wait-listing applicants since December ,so somehow, I am hesitated to apply. Please share your profile."
Bentley University,Business Analytics, Masters ,F16,Accepted,4 Mar 2016 ,n/a,160,168,3.50,n/a,I,4 Mar 2016,No scholarship though.
The University Of Texas At Austin,Business Analytics, Masters ,F16,Rejected,12 Feb 2016 ,,,,,,I,4 Mar 2016,"1.5yrs experience at auto supply chain. Moonlighting as a core dev member at an Austin-based startup (featured on BusinessInsider, Product Hunt etc.). Video essay not seen."
University Of Texas At Austin,Business Analytics, Masters ,F16,Rejected,12 Feb 2016 ,,,,,,I,4 Mar 2016,"1.5yrs experience at auto supply chain. Moonlighting as a core dev member at an Austin-based startup (featured on BusinessInsider, Product Hunt etc.). Video essay not seen."
University Of Texas At Austin,Business Analytics, Masters ,F16,Accepted,12 Feb 2016 ,,,,,,,3 Mar 2016,
Wake Forest,Business Analytics, Masters ,F16,Other,29 Feb 2016 ,,,,,,A,29 Feb 2016,Anyone else applying to this program?  Also checked gmatclub forum and don't see any mention of it.  Is there another site that business school applicants tend to use?
University Of Pittsburgh - Katz,Business Analytics And Operations, PhD ,F16,Interview,18 Feb 2016 ,,,,,,U,27 Feb 2016,
University Of Illinois Chicago,Business Analytics, Masters ,F16,Accepted,27 Feb 2016 ,3.35,154,162,4.00,n/a,I,27 Feb 2016,
"University Of Southern California (USC), Marshall School Of Business",Business Analytics, Masters ,F16,Accepted,26 Feb 2016 ,,,,,,A,27 Feb 2016,Fight On!
University Of Tennessee,Business Analytics / Statistics, Masters ,F16,Accepted,25 Feb 2016 ,3.91,149,165,3.00,n/a,U,25 Feb 2016,"Very likely to reject this offer. 1r/2a/0w/ out of 9 schools. Does anyone hear from UC Berkeley, UIUC, U Michigan and Columbia Univ. masters of statistics program. I am still waiting for them."
W.P. Carey School Of Business,Business Analytics, Masters ,F16,Accepted,24 Feb 2016 ,,,,,,,24 Feb 2016,
University Of Rochester Simon Business School,Marketing Analytics, Masters ,F16,Accepted,20 Feb 2016 ,,,,,,I,20 Feb 2016,
University Of Texas - Austin,Business Analytics, Masters ,F16,Accepted,12 Feb 2016 ,3.92,164,164,4.00,n/a,U,17 Feb 2016,"Applied with second round, had interview about 2.5 weeks before admission decisions"
University Of Texas Austin,Business Analytics, Masters ,F16,Rejected,13 Feb 2016 ,3.77,165,169,5.00,n/a,I,17 Feb 2016,
UT Austin,Business Analytics, Masters ,F16,Rejected,12 Feb 2016 ,3.68,157,163,4.00,n/a,I,12 Feb 2016,"I applied for the second round, and based on the number of you tube videos submitted as the essays, a rejection was expected. I wonder if they even evaluated my application."
ีUniversity Of Southern California,Business Analytics, Masters ,F16,Accepted,26 Jan 2016 ,,,,,,U,2 Feb 2016,
Renssalear Polytechnic Institute (RPI),Business Analytics, Masters ,F16,Accepted,5 Jan 2016 ,3.40,157,167,4.00,n/a,U,1 Feb 2016,
ีUniversity Of Southern California (USC),Business Analytics, Masters ,F16,Other,29 Jan 2016 ,,,,,,I,29 Jan 2016,has anybody started receiving Admission Decisions?
The University Of Southern California (USC),Business Analytics, Masters ,F16,Accepted,21 Jan 2016 ,,,,,,I,21 Jan 2016,need to submit financial docu*ents and passport copy to get a formal admission.
Rensselaer Polytech Institute RPI,Business Analytics, Masters ,F16,Accepted,21 Jan 2016 ,3.58,170,157,3.50,n/a,I,21 Jan 2016,
University College London,Business Analytics And Operations, PhD ,F16,Accepted,11 Dec 2015 ,,,,,,I,19 Jan 2016,
Stevens Institude Of Technology,Business Intelligence And Analytics, Masters ,F16,Accepted,13 Jan 2016 ,3.31,154,162,4.00,n/a,I,13 Jan 2016,Email to check the website
University Of Connecticut - School Of Business,Business Analytics And Project Management, Masters ,F16,Rejected,12 Jan 2016 ,3.31,154,162,4.00,n/a,I,12 Jan 2016,
(Arizona State University) ASU,Business Analytics, Masters ,F16,Accepted,5 Jan 2016 ,3.50,166,160,5.00,n/a,I,5 Jan 2016,
Drexel (LeBow),Master Of Science In Business Analytics, Masters ,F16,Accepted,17 Dec 2015 ,3.23,159,162,3.50,n/a,U,17 Dec 2015,been offered small scholarship only (less than 50%)
U Texas Austin,Business Analytics, Masters ,F16,Rejected,4 Dec 2015 ,,,,,,U,5 Dec 2015,Competitive program. Looks that those who had an interview all got admitted.
Southern Methodist University (SMU),Business Analytics, Masters ,F16,Accepted,30 Nov 2015 ,,,,,,U,5 Dec 2015,Program director interviewed all applicants via skype or in person. Interviewed on Nov. 20 and got admitted the first day after Thanksgiving.
"MIT, Stanford, Berkeley, University Of Washington",Data Science And Business Analytics, Masters ,F16,Interview,3 Oct 2015 ,,,,,,I,3 Oct 2015,
USC Marshalls School Of Business,Master Of Science In Business Analytics, Masters ,F15,Rejected,20 May 2015 ,,,,,,I,20 May 2015,Such sloth heads..! Took 4 months to say sorry!
University Of Cincinatti,Business Analytics, Masters ,F15,Accepted,15 May 2015 ,3.61,163,161,4.50,n/a,A,15 May 2015,Math/Stat. Going to reject.
University Of Colorado Denver,Business Analytics, Masters ,F15,Accepted,10 Apr 2015 ,,,,,,I,10 Apr 2015,I'm so happy!!
NUS Singapore,Business Analytics, Masters ,F15,Accepted,30 Mar 2015 ,3.50,150,170,3.50,n/a,I,30 Mar 2015,
University Of Cincinnati,Business Analytics, Masters ,F15,Accepted,25 Mar 2015 ,3.20,154,169,3.50,n/a,I,29 Mar 2015,
UTD,Business Analytics, Masters ,F15,Accepted,11 Dec 2014 ,,,,,,I,14 Mar 2015,
University Of Cincinnati,Business Analytics, Masters ,F15,Accepted,19 Feb 2015 ,n/a,159,163,3.50,n/a,I,12 Mar 2015,Work ex of 5 yrs; no funding
University Of Minnesota,Business Analytics, Masters ,S15,Rejected,7 Mar 2015 ,,,,,,U,9 Mar 2015,
York University,Business Analytics, Masters ,F15,Accepted,11 Feb 2015 ,,,,,,I,8 Mar 2015,
UCL,Business Analytics (Computer Science), Masters ,F15,Accepted,25 Feb 2015 ,,,,,,I,28 Feb 2015,Got an acceptance email from school. Waiting for official letter from Graduate Admission.
Quinnipiac University,Business Analytics, Masters ,F15,Accepted,27 Feb 2015 ,,,,,,A,27 Feb 2015,
University Of Cincinnati,Business Analytics, Masters ,F15,Accepted,18 Feb 2015 ,,,,,,I,21 Feb 2015,
University Of Texas-Austin,Business Analytics, Masters ,F15,Rejected,13 Feb 2015 ,n/a,156,170,3.00,n/a,I,16 Feb 2015,"(no interview) knew it was hard to get admitted, at least I tried....."
UT Austin,Business Analytics, Masters ,F15,Accepted,13 Feb 2015 ,3.52,163,164,4.00,n/a,U,13 Feb 2015,
University Of Connecticut,Business Analytics And Project Management, Masters ,F15,Accepted,11 Feb 2015 ,,,,,,I,11 Feb 2015,I received before deadline!
University Of Southern California,Business Analytics, Masters ,F15,Accepted,1 Feb 2015 ,3.66,163,167,4.50,n/a,I,11 Feb 2015,Graduating from top 2 university in China. Marketing major. Career goal: Marketing Analyst.
University Of North Carolina - Charolette,Data Science And Business Analytics, Masters ,F15,Rejected,28 Oct 2014 ,,,,,,I,28 Nov 2014,
Stevens Institute Of Technology,Business Intelligence And Analytics, Masters ,F14,Accepted,6 Jun 2014 ,3.52,162,170,5.00,n/a,A,19 Jun 2014,
University Of Texas At Austin,Business Analytics, Masters ,F14,Accepted,15 Apr 2014 ,,,,,,A,15 Apr 2014,
University Of Pittsburgh - Katz,Business Analytics And Operations, PhD ,F14,Rejected,26 Mar 2014 ,,,,,,I,26 Mar 2014,
University Of Minnesota (Carlson School Of Management),Business Analytics, Masters ,F14,Accepted,18 Mar 2014 ,3.80,150,161,3.50,n/a,I,18 Mar 2014,Excited. Got an admit after an interview call that happened 3 weeks before the admit
York University,Business Analytics, Masters ,F14,Accepted,5 Mar 2014 ,,,,,,O,17 Mar 2014,
York University (schulich),Business Analytics, Masters ,F14,Accepted,27 Feb 2014 ,,,,,,I,13 Mar 2014,6k bursary
University Of Texas At Austin,Business Analytics, Masters ,F14,Accepted,10 Mar 2014 ,,,,,,U,13 Mar 2014,No funding
The University Of Texas At Austin,Business Analytics, Masters ,F14,Rejected,10 Mar 2014 ,,,,,,I,11 Mar 2014,
Arizona State University,Business Analytics, MBA ,F14,Accepted,24 Jan 2014 ,,,,,,A,24 Jan 2014,Contacted by POI today with news of acceptance into program. Will receive official letter shortly
University Of Pittsburgh,Business Analytics, PhD ,F14,Interview,22 Jan 2014 ,,,,,,A,22 Jan 2014,Phone interview
UT Austin,Business Analytics, Masters ,F13,Accepted,3 Jan 2013 ,,,,,,I,22 Mar 2013,Gmat 730
Univerisity Of Warwick,Msc Business Analytics And Consulting, Masters ,F13,Accepted,19 Feb 2013 ,,,,,,I,19 Feb 2013,"Conditional offer (I have to pay an entry fee)

No words on funding"
