University,Program,Degree,Entrance Semester,Decision,Decision Date,GPA,GRE Verbal,GRE Quantitive,GRE Writing,GRE Subject,Status,Date Added,Notes
Rutgers University,Accounting Information System, PhD ,F20,Other,31 Mar 2020 ,,,,,,,30 Mar 2020,Is there anyone get any updates from Rutgers?
Carnegie Mellon University (CMU) - Tepper,Business Technology / Information System, PhD ,F20,Wait listed,25 Feb 2020 ,,,,,,O,24 Feb 2020,"To the guru who received the offer of this program, could you please leave it for me because this is really my dream school. I'm sure you must have a lot of offers and have somewhere better to go! Many many thanks!"
"University Of California, Berkeley",Information Management System, Masters ,F20,Other,16 Feb 2020 ,,,,,,O,16 Feb 2020,"TTPB who had the interview for MIMS, what was the interview like? who was it? what questions did they ask? do you know the outcome?"
"University Of California, Berkeley",Information System Management, Masters ,F20,Other,14 Feb 2020 ,,,,,,I,14 Feb 2020,"TTPB who received interview call for MIMS, what was your profile? when did you submit the application? what is the interview procedure? any chance of getting admit without interview."
Carnegie Mellon University (CMU),Intelligent Information System (MIIS), Masters ,F19,Rejected,10 Feb 2020 ,4.94,0,159,0.00,n/a,I,10 Feb 2020,"I had strong LORS and 2 years of research experience, kinda sad about it."
Florida International University,Business Administration(Information System And Business Analytics), PhD ,F20,Accepted,30 Jan 2020 ,,,,,,I,8 Feb 2020,
University Of Warwick,Information System Management, Masters ,F19,Accepted,3 Apr 2019 ,,,,,,A,25 Apr 2019,
Kelley School Of Business,Business Administration(information System), PhD ,F18,Other,12 Mar 2019 ,,,,,,O,13 Mar 2019,To the poster bellow: Congrats on your acceptance! Did you receive an official decision letter? Do you know how many students have been accepted and the wait list situation?
Michigan State University (MSU),Information System, PhD ,F19,Accepted,12 Mar 2019 ,,,,,,I,12 Mar 2019,
Kelley School Of Business,Business Administration(information System), PhD ,F19,Accepted,12 Mar 2019 ,,,,,,U,12 Mar 2019,
ERIM,Business Analytics And Information System, PhD ,F19,Accepted,5 Mar 2019 ,,,,,,I,5 Mar 2019,
"University Of Alberta, Alberta School Of Business",Operations And Information System Management, PhD ,F19,Interview,11 Feb 2019 ,,,,,,I,25 Feb 2019,Interviewed in Feb 14
University Of Rochester,Computer And Information System, PhD ,F19,Rejected,14 Feb 2019 ,,,,,,,15 Feb 2019,Email me to check the decision in the websites
NYU Stern,Information System, PhD ,F19,Other,13 Feb 2019 ,,,,,,O,13 Feb 2019,"Hi guys, did any of you hear from NYU Stern Information System group? I didn't hear any information about the progress, my professor also doesn't reply me lol. I will appreciate your information so much."
Stevens Institute Of Tech,Information System Management - BIDA, Masters ,F17,Accepted,3 Apr 2017 ,3.61,152,164,4.00,n/a,,19 Apr 2017,
Emory Goizueta Business School,"Information System And Operation Management, ISOM", PhD ,F17,Rejected,19 Apr 2017 ,3.87,164,160,5.00,n/a,A,19 Apr 2017,After months of no contact I finally received an email with a rejection from Emory. This was my final option so it looks like I won't be pursing a career in academia this year.
Carnegie Mellon (CMU) Heinz College,Information System Management - BIDA, Masters ,F17,Accepted,18 Apr 2017 ,3.11,167,165,5.00,n/a,A,18 Apr 2017,offer includes 20% tuition
University Of Florida,"Information System And Operation Management, ISOM", Masters ,F17,Accepted,4 Apr 2017 ,,,,,,U,5 Apr 2017,
Carnegie  Mellon University,Information System Management - BIDA, Masters ,F17,Accepted,10 Mar 2017 ,,,,,,U,13 Mar 2017,What a surprise!
Emory University (Goizueta Business School),"Information System And Operation Management, ISOM", PhD ,F17,Accepted,20 Feb 2017 ,,,,,,I,25 Feb 2017,Very excited and have already accepted it. It is my dream school.
Pennsylvania State University (Smeal),Business Administration (Supply Chain & Information System), PhD ,F17,Accepted,14 Feb 2017 ,3.60,153,170,3.50,n/a,I,14 Feb 2017,Sent from the program coordinator
TUBerlin,Economic Computer Science/Information System Management, Masters ,S16,Rejected,24 Mar 2016 ,,,,,,I,24 Mar 2016,"Applied to this Data science masters track course in December and after 3 months received rejection today through postal mail. GPA 3.5/4.0, Decent SOP, excellent LOR, 10 years of industry exp. 



It was very tiring & ambiguous process of applying to TU Berlin. Almost stupid web site with partial information regarding programs, eligibility requirements and other things. half of information in english, half of information in german (google translator doesnt yield much either). very unfriendly response from admin staff at university. most of questions posted to them were answered like ""go to web site and figure it out by yourself"". 



Do not mean soar grapes but had enough with uni assist/german universities. will never apply there again. distressing :-("
Northeastern (NEU),Computer Information System, Masters ,F16,Accepted,25 Feb 2016 ,3.47,147,166,3.00,n/a,U,7 Mar 2016,
Heinz Coll,Master In Information System Management, Masters ,F16,Accepted,5 Mar 2016 ,,,,,,I,5 Mar 2016,Got 100 % scholarship ! Really happy
Heinz Coll,Master In Information System Management, Masters ,F16,Accepted,5 Mar 2016 ,3.50,161,170,4.50,n/a,I,5 Mar 2016,Got 100 % scholarship ! Really happy & excited :-)
Northeastern University,Information System, Masters ,F16,Accepted,25 Feb 2016 ,3.86,162,170,3.00,n/a,U,25 Feb 2016,First admit
University Of Texas At Arlington,Management Information System, Masters ,F16,Other,21 Feb 2016 ,4.00,144,155,3.00,n/a,I,21 Feb 2016,Submitted.
Nanyang Technological University,Information System, PhD ,F15,Accepted,20 Mar 2015 ,,,,,,I,12 Apr 2015,
University Of Delaware,Information System & Technology Management, Masters ,F15,Accepted,12 Mar 2015 ,,,,,,I,15 Mar 2015,
TAMU,Information System Mangament, Masters ,F15,Accepted,6 Mar 2015 ,,,,,,I,6 Mar 2015,via eamil and i checked on the website
Texas A&M University-College Station,Management Information System, Masters ,F15,Rejected,28 Feb 2015 ,,,,,,I,2 Mar 2015,GMAT 620
University Of Maryland - College Park,Information System, Masters ,F15,Rejected,1 Mar 2015 ,,,,,,I,2 Mar 2015,GMAT 620
Northeastern,Information System, Masters ,F15,Accepted,25 Feb 2015 ,,,,,,U,27 Feb 2015,
University Of Florida,Information System And Operation Management, Masters ,F15,Accepted,19 Feb 2015 ,,,,,,I,19 Feb 2015,Congratulations on your admission into the Master of Science in Information Systems and Operations Management program at the University of Florida!
Maryland,Information System, Masters ,F15,Rejected,7 Feb 2015 ,,,,,,I,7 Feb 2015,e-mail ，ask me to check on the website
G.narayanamma Institute Of Tecyhnolog,Management Information System, Masters ,F15,Other,25 Dec 2014 ,4.00,147,163,3.50,n/a,I,25 Dec 2014,
UIUC,Information Management And Information System, PhD ,F15,Other,17 Dec 2014 ,,,,,,I,17 Dec 2014,
Colorado State University,Computer Information System, Masters ,S15,Accepted,16 Oct 2014 ,,,,,,U,11 Nov 2014,
Carnegie Mellon University,Information System, Masters ,F14,Other,19 Mar 2014 ,,,,,,I,19 Mar 2014,
Purdue,Information System, PhD ,F14,Other,19 Mar 2014 ,,,,,,I,19 Mar 2014,I am still awaiting any information. Anybody got any notification? The website still shows Under Review
Texas Tech University,Management Information System, PhD ,F14,Interview,13 Mar 2014 ,,,,,,U,15 Mar 2014,
University Of Maryland,Information System Management, Masters ,F14,Accepted,15 Dec 2013 ,,,,,,I,13 Mar 2014,waiting for official package
CMU,Very Large Information System (VLIS), Masters ,F14,Accepted,6 Mar 2014 ,,,,,,I,8 Mar 2014,
"Tippie Business School, The University Of IOWA",Information System, PhD ,F14,Rejected,7 Mar 2014 ,,,,,,I,7 Mar 2014,
University Of Mississippi,Management Information System, PhD ,F14,Rejected,28 Feb 2014 ,,,,,,U,1 Mar 2014,"due to limited resources, match with faculty research interest, or availability of faculty in this area"
Baylor University,Information System, PhD ,F14,Rejected,21 Feb 2014 ,,,,,,I,21 Feb 2014,so sad! 1st rejection.
University Of Washington,Information System, Masters ,F14,Accepted,7 Feb 2014 ,,,,,,I,19 Feb 2014,
University Of Virginia,Information And System Enginieering, Masters ,F14,Rejected,7 Feb 2014 ,3.18,146,165,3.50,n/a,I,9 Feb 2014,"Kind of disappointed, but life goes on, maybe I will just find a job then."
Cornell University,Operations Research And Information System, Masters ,F13,Wait listed,3 Apr 2013 ,,,,,,U,3 Apr 2013,"If you are accepted and you don't wanna go, please response your admission as soon as possible. Thank you!in"
"Nyu, Stern",Information System, PhD ,F13,Rejected,27 Mar 2013 ,3.40,154,165,3.00,n/a,I,27 Mar 2013,3rd rejection
NYU Stern,Information System, PhD ,F13,Accepted,18 Mar 2013 ,,,,,,I,18 Mar 2013,Can't imagine!
Carnegie Mellon Heinz,Information System Management, PhD ,F13,Accepted,5 Mar 2013 ,,,,,,I,18 Mar 2013,Dream school!
Florida University Warrington,Information System Management, PhD ,F13,Wait listed,11 Mar 2013 ,,,,,,I,12 Mar 2013,It will be nice if the admitted and not going ones will reject the offer for the wait-listed ones like me.
UMBC,Information System, PhD ,F13,Rejected,28 Feb 2013 ,,,,,,U,1 Mar 2013,Got the message at 7 am :( ... My second choice too
UMBC,Information System, PhD ,F13,Rejected,28 Feb 2013 ,,,,,,U,28 Feb 2013,It was a safety school...4th rejection already. Still no offer!!!
Carnegie Mellon University,Master In Information System Management, Masters ,F13,Accepted,21 Feb 2013 ,,,,,,U,22 Feb 2013,
Utah,Business(Information System), PhD ,F13,Wait listed,18 Feb 2013 ,,,,,,U,20 Feb 2013,Got an email from POI that the school committee has put me in the backup pool. Anyone who got the admission but will not attend please let the committee know soon. Thanks and bless all!
University Of British Columbia,Management Information System, PhD ,F13,Interview,31 Jan 2013 ,,,,,,I,1 Feb 2013,Invited for a Skype interview
Stevens Institute Of Technology,Network Information System, Masters ,F13,Accepted,29 Jan 2013 ,2.62,140,166,2.50,n/a,I,29 Jan 2013,
Newyork University,Information System, Masters ,F12,Accepted,12 Apr 2012 ,,,,,,I,12 Apr 2012,
New York University (NYU) - Stern,Information System, PhD ,F12,Rejected,12 Mar 2012 ,,,,,,U,12 Mar 2012,
Carnegie Mellon - Tepper School Of Business,Management Information System, PhD ,F12,Rejected,9 Mar 2012 ,,,,,,I,9 Mar 2012,"Short email saying that they were too competitive, but its not my lost but theirs"
"Richard Ivey, University Of Western Ontario",Management Information System, PhD ,F12,Rejected,9 Mar 2012 ,,,,,,I,9 Mar 2012,harsh letter with no proper preface
Kent State University,Business(Information System), PhD ,F12,Accepted,6 Mar 2012 ,,,,,,U,6 Mar 2012,"transfer to MIS, they are very nice people"
University Of Florida (Gainesville),Information System And Operation Management, Masters ,F12,Accepted,6 Feb 2012 ,3.69,780,720,3.00,n/a,I,13 Feb 2012,
University Of Virginia (Charlottesville),System And Information Engineering, PhD ,F11,Rejected,4 Apr 2011 ,,,,,,I,4 Apr 2011,
Carnegie Mellon University,Information System And Management, Masters ,F11,Accepted,16 Mar 2011 ,3.92,480,800,3.50,n/a,I,16 Mar 2011,"16 month track, T 30+30+22+28"
University Of Virginia,System And Information Engineering, Masters ,F11,Rejected,3 Mar 2011 ,,,,,,I,3 Mar 2011,really sad about the result
University Of Maine Orono,Special Information System And Technology, PhD ,F11,Rejected,23 Feb 2011 ,3.86,380,800,0.00,n/a,I,23 Feb 2011,SAD. Having Nine Publications (4 Journal and 5 conference paper) with BSc gpa (3.86/4) and MSc gpa (3.93/4) in WES evaluation got rejection. I think its all because of my low GRE 1180.
Claremont Graduate University,Special Information System And Technology, PhD ,F11,Accepted,17 Feb 2011 ,3.86,370,800,0.00,n/a,I,18 Feb 2011,Got Dean award with 30% fellowship for the first semester.
Temple University,Management Information System, PhD ,F11,Interview,13 Jan 2011 ,,,,,,I,26 Jan 2011,
Carnegie Mellon University (CMU),Information System Management, Masters ,?,Accepted,5 Mar 2009 ,,,,,,I,20 May 2009,
Robert H. Smith School Of Business - University Of Maryland,Information System, PhD ,?,Rejected,3 Apr 2009 ,,,,,,I,2 Apr 2009,Am I the only one who got the rejection???
University Of Virginia (UVA),System And Information Engineering, PhD ,?,Wait listed,13 Mar 2009 ,,,,,,I,28 Mar 2009,"I have been on this waiting list for a long time; Has anybody got the admission with fund and do not want to take it. Please withdraw asap. BTW, if your status have changed from WL to recommend for admission, publish it please."
University Of Houston,Information System Management, PhD ,?,Other,16 Mar 2009 ,,,,,,O,16 Mar 2009,To the University of Houston accepted guy below: could you please put your profile here (gmat score and gpa)
Pennsylvania State University (PSU),Supply Chain & Information System, PhD ,?,Rejected,24 Feb 2009 ,,,,,,U,24 Feb 2009,1st rejection
Foster School Of Business,Information System Management, Masters ,?,Accepted,20 Feb 2009 ,,,,,,I,21 Feb 2009,Good! Finally got a good response. Hope others will follow~
University Of Arizona,Mangement Information System, PhD ,?,Accepted,4 Apr 2008 ,,,,,,I,7 Apr 2008,TW+RA one of my dream program
University Of Pittsburgh,Business Information System And Marketing, PhD ,?,Rejected,6 Mar 2008 ,,,,,,U,6 Mar 2008,"I called Gina, she said I was not on the shortlist of either program, which means I was rejected."
Central Florida,Management Information System, PhD ,?,,26 May 2007 ,,,,,,,26 May 2007,
"University Of Minnesota, Twin Cities",Information System, PhD ,?,Rejected,23 Feb 2007 ,,,,,,,24 Feb 2007,I sent an email asking my status. The IS coordinator said they just finished first-round of review. Those who applied can consult your status now.
Carnegie Mellon University (CMU),Information System Management (MISM), Masters ,?,Accepted,22 Dec 2005 ,,,,,,I,17 Mar 2006,
